Brand,Laptop_Name,Price,MarketPrice,Discount,Link,ImageLink
Lenovo,Lenovo Ideapad 3 1115G4 15.6 Inches 11th Gen Core i3 (4GB - 1TB HDD),"Rs. 115,499","
                Rs. 150,000            ","
                (23% OFF)            ",https://priceoye.pk/laptops/lenovo/lenovo-ideapad-3-1115g4-15-6-inches-11th-gen-core-i3-4gb-1tb-hdd,https://static.priceoye.pk/images/product-placeholder.jpg
Lenovo,Lenovo Laptop Ideapad S145 15.6 Inches 10th Gen Core i5 (4GB - 1TB HDD),"Rs. 146,499","
                Rs. 160,000            ","
                (8% OFF)            ",https://priceoye.pk/laptops/lenovo/lenovo-ideapad-s145-15-6-inches-10th-gen-core-i5-4gb-1tb-hdd,https://static.priceoye.pk/images/product-placeholder.jpg
Apple,Apple MacBook Pro 16.0 Inches M1 Chip (MK183) Japanese Version (ENG Keyboard),"Rs. 509,999","
                Rs. 550,000            ","
                (7% OFF)            ",https://priceoye.pk/laptops/apple/apple-macbook-pro-16-2-inches-m1-pro-chip-16gb-ram-512gb-ssd-mk183,https://static.priceoye.pk/images/product-placeholder.jpg
Infinix,Infinix INBook X2 1035G1 14 Inches Core i5 (8GB RAM - 512GB SSD),"Rs. 127,999","
                Rs. 135,999            ","
                (6% OFF)            ",https://priceoye.pk/laptops/infinix/infinix-inbook-x2-1035g1-14-inches-core-i5-8gb-ram-512gb-ssd,https://static.priceoye.pk/images/product-placeholder.jpg
HP,HP FQ5098TU 15.6 Inches Core i5 12Gen (8GB RAM - 512GBSSD),"Rs. 201,499",,,https://priceoye.pk/laptops/hp/hp-fq5098tu-15-6-inches-core-i5-12gen-8gb-ram-512gbssd,https://static.priceoye.pk/images/product-placeholder.jpg
HP,HP Victus Gaming Laptop Core i7-12650H 16GB 512GB SSD (15-FA0032DX),"Rs. 320,000","
                Rs. 350,000            ","
                (9% OFF)            ",https://priceoye.pk/laptops/hp/hp-victus-gaming-laptop-core-i7-12650h-16gb-512gb-ssd-15-fa0032dx,https://static.priceoye.pk/images/product-placeholder.jpg
HP,HP Laptop EQ2180AU 15.6 Inches AMD Ryzen 5 (8GB RAM - 512GBSSD),"Rs. 171,499","
                Rs. 175,000            ","
                (2% OFF)            ",https://priceoye.pk/laptops/hp/hp-laptop-eq2180au-15-6-inches-amd-ryzen-5-8gb-ram-512gbssd,https://static.priceoye.pk/images/product-placeholder.jpg
Infinix,Infinix INBook X2 1065G7 14 Inches Core i7 (8GB RAM - 512GB SSD),"Rs. 159,999","
                Rs. 169,999            ","
                (6% OFF)            ",https://priceoye.pk/laptops/infinix/infinix-inbook-x2-14-inches-core-i5-8gb-ram-512gb-ssd,https://static.priceoye.pk/images/product-placeholder.jpg
Infinix,Infinix Zerobook ZL 12 Core i7 (16GB RAM - 512GB SSD),"Rs. 211,999","
                Rs. 229,999            ","
                (8% OFF)            ",https://priceoye.pk/laptops/infinix/infinix-zerobook-zl-12-core-i7-16gb-ram-512gb-ssd,https://static.priceoye.pk/images/product-placeholder.jpg
Apple,Apple MacBookK Pro 13-INCH Core i5  8GB RAM - 512GB SSD (A2289) Japanese Version (ENG Keyboard),"Rs. 299,999","
                Rs. 380,000            ","
                (21% OFF)            ",https://priceoye.pk/laptops/apple/apple-macbookk-pro-13-inch-core-i5-m2-chip-8gb-ram-512gb-ssd-a2289,https://static.priceoye.pk/images/product-placeholder.jpg
Apple,Apple MacBook Air 13.3 Inches M1 Chip 8GB RAM - 256GB SSD (MGND3),"Rs. 338,999","
                Rs. 350,000            ","
                (3% OFF)            ",https://priceoye.pk/laptops/apple/apple-macbook-air-13-3-inches-m1-chip-8gb-ram-256gb-ssd-mgnd3,https://static.priceoye.pk/images/product-placeholder.jpg
Dell,Dell Laptop Inspiron 5515 15.6 inches AMD Ryzen 7 (8GB RAM - 512GB SSD),"Rs. 195,499","
                Rs. 245,499            ","
                (20% OFF)            ",https://priceoye.pk/laptops/dell/dell-5515-15-6-inches-amd-ryzen-7-gaming-laptop-8gb-ram-512gb-ssd,https://static.priceoye.pk/images/product-placeholder.jpg
Lenovo,Lenovo Laptop Ideapad 3 15.6 Inches 11th Gen Core i5 (8GB - 1TB HDD),"Rs. 146,999",,,https://priceoye.pk/laptops/lenovo/lenovo-ideapad-3-15-6-inches-11th-gen-core-i5-8gb-1tb-hdd,https://static.priceoye.pk/images/product-placeholder.jpg
HP,HP EG0503TX 15.6 Inches Core i5 11thGen (8GB RAM - 512GBSSD),"Rs. 221,499",,,https://priceoye.pk/laptops/hp/hp-eg0503tx-15-6-inches-core-i5-12gen-8gb-ram-512gbssd,https://static.priceoye.pk/images/product-placeholder.jpg
HP,HP EQ2179AU 15.6 Inches AMD Ryzen 3 Core i5 11thGen (4GB RAM -256GBSSD),"Rs. 126,499","
                Rs. 135,000            ","
                (6% OFF)            ",https://priceoye.pk/laptops/hp/hp-eq2179au-15-6-inches-core-i5-11thgen-4gb-ram-256gbssd,https://static.priceoye.pk/images/product-placeholder.jpg
HP,HP FQ5099TU 15.6 Inches Core i7 12Gen (8GB RAM - 512GBSSD),"Rs. 261,499",,,https://priceoye.pk/laptops/hp/hp-fq5099tu-15-6-inches-core-i5-12gen-8gb-ram-512gbssd,https://static.priceoye.pk/images/product-placeholder.jpg
HP,HP DU3572TU 15.6 Inches Core i5 11thGen (8GB RAM - 512GBSSD),"Rs. 176,499",,,https://priceoye.pk/laptops/hp/hp-eg0503tx-15-6-inches-core-i5-11thgen-8gb-ram-512gbssd,https://static.priceoye.pk/images/product-placeholder.jpg
ASUS,ASUS E410M 14 Inches Celeron N4020 (4GB RAM - 256GB SSD),"Rs. 75,999",,,https://priceoye.pk/laptops/asus/asus-e410-14-inches-intel-celeron-4gb-ram-256gb-ssd,https://static.priceoye.pk/images/product-placeholder.jpg
Lenovo,Lenovo Thinkbook 14 G2 1165G7 14 Inches 11th Gen Core i7 (8 GB - 1TB HDD),"Rs. 190,999",,,https://priceoye.pk/laptops/lenovo/lenovo-thinkbook-14-g2-1165g7-14-inches-11th-gen-core-i7-8-gb-1tb-hdd,https://static.priceoye.pk/images/product-placeholder.jpg
Lenovo,Lenovo Ideapad 3 15ITL05 15.6 Inches 11th Gen Core i5 (4GB -  1TB HDD),"Rs. 128,999",,,https://priceoye.pk/laptops/lenovo/lenovo-ideapad-1165g7-15-6-inches-11th-gen-core-i7-8-gb-512gb-ssd,https://static.priceoye.pk/images/product-placeholder.jpg
ASUS,ASUS X415 14 Inches 11th Gen Core i3 (4GB RAM - 128GB SSD),"Rs. 117,999",,,https://priceoye.pk/laptops/asus/asus-x415-14-inches-11th-gen-core-i3-4gb-ram-128gb-ssd,https://static.priceoye.pk/images/product-placeholder.jpg
Lenovo,Lenovo Thinkbook 15 G2 1165G7 15.6 Inches 11th Gen Core i7 (8 GB - 512GB SSD),"Rs. 185,999",,,https://priceoye.pk/laptops/lenovo/lenovo-thinkbook-15-g2-1165g7-15-6-inches-11th-gen-core-i7-8-gb-512gb-ssd,https://static.priceoye.pk/images/product-placeholder.jpg
Lenovo,Lenovo V15 111G54 15.6 Inches 11th Gen Core i3 (4GB RAM - 1TB HDD),"Rs. 109,999",,,https://priceoye.pk/laptops/lenovo/lenovo-v15-111g54-15-6-inches-11th-gen-core-i3-4gb-ram-1tb-hdd,https://static.priceoye.pk/images/product-placeholder.jpg
Apple,Apple MacBook Air 13.3 Inches M1 Chip (MGN73),"Rs. 317,999",,,https://priceoye.pk/laptops/apple/apple-macbook-air-13-3-inches-m1-chip-8gb-ram-512gb-ssd-mgn73,https://static.priceoye.pk/images/product-placeholder.jpg
Apple,Apple MacBook Pro 13.3 Inches M1 Chip (MYD92),"Rs. 311,999",,,https://priceoye.pk/laptops/apple/apple-macbook-pro-13-3-inches-m1-chip-myd92,https://static.priceoye.pk/images/product-placeholder.jpg
ASUS,ASUS VivoBook K513EQ 15.6 Inches 11th Gen Core i5 (8GB RAM - 512GB SSD),"Rs. 177,999",,,https://priceoye.pk/laptops/asus/asus-vivobook-k513eq-15-6-inches-11th-gen-core-i5-8gb-ram-512gb-ssd,https://static.priceoye.pk/images/product-placeholder.jpg
Apple,Apple MacBook Pro 14 Inches M1 Pro Chip (MKGR3),"Rs. 515,000",,,https://priceoye.pk/laptops/apple/apple-macbook-pro-14-inches-m1-pro-chip-mkgr3,https://static.priceoye.pk/images/product-placeholder.jpg
Apple,Apple MacBook Air 13.3 Inches M1 Chip (MGN63),"Rs. 269,999",,,https://priceoye.pk/laptops/apple/apple-macbook-air-13-3-inches-m1-chip-mgn63,https://static.priceoye.pk/images/product-placeholder.jpg
Apple,Apple MacBook Pro (MKGP3),"Rs. 362,999",,,https://priceoye.pk/laptops/apple/apple-macbook-pro-14-2-inches-m1-pro-chip-16gb-ram-512gb-ssd-mkgp3,https://static.priceoye.pk/images/product-placeholder.jpg
HP,HP Chromebook 14 G5,"Rs. 50,000",,,https://priceoye.pk/laptops/hp/hp-chromebook-14-g5,https://static.priceoye.pk/images/product-placeholder.jpg
Dell,Dell Inspiron 3515 15.6 inches AMD Ryzen 5 3450U (8GB-256GB),"Rs. 134,499",,,https://priceoye.pk/laptops/dell/dell-inspiron-3515-15-6-inches-amd-ryzen-5-3450u-8gb-256gb,https://static.priceoye.pk/images/product-placeholder.jpg
Dell,Dell Inspiron 5510 15.6 Inches 11th Gen Core i5 11300H (8GB-256GB),"Rs. 169,999",,,https://priceoye.pk/laptops/dell/dell-inspiron-5510-15-6-inches-11th-gen-core-i5-11300h-8gb-256gb,https://static.priceoye.pk/images/product-placeholder.jpg
Viper,Viper P40 Notebook 14 Inches Core i3 (4GB RAM - 256GB SSD),"Rs. 72,000",,,https://priceoye.pk/laptops/viper/viper-p40-notebook,https://static.priceoye.pk/images/product-placeholder.jpg
Dell,Dell Vostro 3500 15.6 inches Core i3 (4GB RAM - 1TB HDD),"Rs. 79,900",,,https://priceoye.pk/laptops/dell/dell-vostro-3500-15-6-inches-core-i3-4gb-ram-1tb-hdd,https://static.priceoye.pk/images/product-placeholder.jpg
Dell,Dell Inspiron 3501 15.6 inches Core i5 1135G7 (4GB RAM - 1TB HDD),"Rs. 128,500",,,https://priceoye.pk/laptops/dell/dell-inspiron-3501-15-6-inches-core-i5-1135g7-4gb-ram-1tb-hdd,https://static.priceoye.pk/images/product-placeholder.jpg
Dell,Dell XPS 9300 13.4 Inches Core i7 (16GB RAM - 512GB SSD),"Rs. 282,000",,,https://priceoye.pk/laptops/dell/dell-xps-9300-13-4-inches-core-i7-16gb-ram-512gb-ssd,https://static.priceoye.pk/images/product-placeholder.jpg
Dell,Dell Latitude 5400 14 Inches Core i7 (8GB RAM - 256GB SSD),"Rs. 112,000",,,https://priceoye.pk/laptops/dell/dell-latitude-5400-14-inces-core-i7-8gb-ram-256gb-ssd,https://static.priceoye.pk/images/product-placeholder.jpg
Dell,Dell XPS 9310 13.4 Inches Core i7 (8GB RAM - 256GB SSD),"Rs. 237,000",,,https://priceoye.pk/laptops/dell/dell-xps-9310-13-4-inches-core-i7-8gb-ram-256gb-ssd,https://static.priceoye.pk/images/product-placeholder.jpg
Dell,Dell Inspiron 5402 14 Inches Core i5 (8GB RAM - 512GB SSD),"Rs. 157,000",,,https://priceoye.pk/laptops/dell/dell-inspiron-5402-14-inches-core-i5-8gb-ram-512gb-ssd,https://static.priceoye.pk/images/product-placeholder.jpg
Dell,Dell Inspiron 2 in 1 14 Inches Core i7 (8GB RAM - 512GB SSD),"Rs. 225,000",,,https://priceoye.pk/laptops/dell/dell-inspiron-2-in-1-14-inches-core-i7-8gb-ram-512gb-ssd,https://static.priceoye.pk/images/product-placeholder.jpg
Dell,Dell Inspiron 5510 15.6 Inches 11 Gen Core i5 11320H (8GB RAM - 512GB SSD),"Rs. 172,999",,,https://priceoye.pk/laptops/dell/dell-inspiron-5510-15-6-inches-11-gen-core-i5-11320h-8gb-ram-512gb-ssd,https://static.priceoye.pk/images/product-placeholder.jpg
Dell,Dell Inspiron 5510 15.6 Inches 11 Gen Core i7 11370H (8GB RAM - 512GB SSD),"Rs. 186,000",,,https://priceoye.pk/laptops/dell/dell-inspiron-5510-15-6-inches-11-gen-core-i7-11370h-8gb-ram-512gb-ssd,https://static.priceoye.pk/images/product-placeholder.jpg
Dell,Dell Inspiron 5410 14 Inches 11Gen Core i5 11300H (8GB RAM - 256GB SSD),"Rs. 156,000",,,https://priceoye.pk/laptops/dell/dell-inspiron-5410-14-inches-11gen-core-i5-11300h-8gb-ram-256gb-ssd,https://static.priceoye.pk/images/product-placeholder.jpg
Dell,Dell XPS 9310 13.4 Inches Core i5 1135G7 (8GB RAM - 512GB SSD),"Rs. 304,000",,,https://priceoye.pk/laptops/dell/dell-xps-9310-13-4-inches-core-i5-1135g7-8gb-ram-512gb-ssd,https://static.priceoye.pk/images/product-placeholder.jpg
HP,HP 250 G8 Tiger Lake Core i3 (4GB RAM - 1TB HDD),"Rs. 92,000",,,https://priceoye.pk/laptops/hp/hp-250-g8-tiger-lake-core-i3-4gb-ram-01-terabyte-hdd,https://static.priceoye.pk/images/product-placeholder.jpg
HP,HP EF2125WM 15.6 Inches AMD Ryzen 5 (8GB RAM - 256GBSSD),"Rs. 110,999",,,https://priceoye.pk/laptops/hp/hp-ef2125wm-15-6-inches-amd-ryzen-5-8gb-ram-256gbssd,https://static.priceoye.pk/images/product-placeholder.jpg
HP,HP Pavilion Tiger Lake 15.6 Inches Core i7 (8GB RAM - 512GB SSD),"Rs. 160,000",,,https://priceoye.pk/laptops/hp/hp-pavilion-eg000-tiger-lake-15-6-inches-core-i7-8gb-ram-512gb-ssd,https://static.priceoye.pk/images/product-placeholder.jpg
Lenovo,Lenovo ThinkPad E15 15.6 Inches AMD Ryzen 7 (08GB RAM - 512GB SSD),"Rs. 145,500",,,https://priceoye.pk/laptops/lenovo/lenovo-thinkpad-e15-15-6-inches-amd-ryzen-7-08gb-ram-512gb-ssd,https://static.priceoye.pk/images/product-placeholder.jpg
Apple,Apple MacBook Air 13.3 Inches M1 Chip 8GB RAM - 512GB SSD (MGNA3),"Rs. 230,000",,,https://priceoye.pk/laptops/apple/apple-macbook-air-13-3-inches-m1-chip-8gb-ram-512gb-ssd-mgna3,https://static.priceoye.pk/images/product-placeholder.jpg
Apple,Apple MacBook Pro 14.2 Inches M1 Pro Chip 16GB RAM - 1TB SSD (MKGQ3),"Rs. 512,000",,,https://priceoye.pk/laptops/apple/apple-macbook-pro-14-2-inches-m1-pro-chip-16gb-ram-1tb-ssd-mkgq3,https://static.priceoye.pk/images/product-placeholder.jpg
Infinix,Infinix INBook X1 14 Inches Core i3 (8GB RAM - 256GB SSD),"Rs. 79,999",,,https://priceoye.pk/laptops/infinix/infinix-inbook-x1-14-inches-core-i3-8gb-ram-256gb-ssd,https://static.priceoye.pk/images/product-placeholder.jpg
ASUS,ASUS VivoBook Flip TP412F 14 Inches Core i5 (08GB RAM - 512GB SSD),"Rs. 131,999",,,https://priceoye.pk/laptops/asus/asus-vivobook-flip-tp412f-14-core-i5-quadcore-08gb-512gb-ssd,https://static.priceoye.pk/images/product-placeholder.jpg
ASUS,ASUS ROG STRIX G513QM 15.6 Inches Ryzen 9 5900HX Octa-Core (16GB RAM - 512GB SSD),"Rs. 306,499",,,https://priceoye.pk/laptops/asus/asus-rog-strix-g513qm-gaming-laptop-amd-ryzen-9-5900hx-octa-core-processor-16gb-512gb-ssd,https://static.priceoye.pk/images/product-placeholder.jpg
Dell,Dell Inspiron 5310 13.3 inches Core i5 11300H (8GB RAM - 512GB SSD),"Rs. 174,000",,,https://priceoye.pk/laptops/dell/dell-inspiron-5310-15-6-inches-core-i3-1115g4-4gb-ram-1tb-hdd,https://static.priceoye.pk/images/product-placeholder.jpg
Lenovo,Lenovo ThinkPad E15 15.6 Inches Core i5 (8GB RAM - 512GB SSD),"Rs. 159,255",,,https://priceoye.pk/laptops/lenovo/lenovo-thinkpad-e15-15-6-inches-core-i5-8gb-ram-512gb-ssd,https://static.priceoye.pk/images/product-placeholder.jpg
Dell,Dell Inspiron 5410 14 Inches 11th Gen Core i5 1155G7 (8GB RAM - 512GB),"Rs. 205,456",,,https://priceoye.pk/laptops/dell/dell-inspiron-5410-14-inches-11th-gen-core-i5-intel-iris-xe-graphics-8gb-ram-512gb,https://static.priceoye.pk/images/product-placeholder.jpg
Dell,Dell Inspiron 3501 15.6 Inches 11th Gen Core i5 (8GB RAM - 1TB SATA),"Rs. 145,962",,,https://priceoye.pk/laptops/dell/dell-inspiron-3501-15-6-inches-11th-gen-core-i5-8gbram-1tb-sata,https://static.priceoye.pk/images/product-placeholder.jpg
lenovo,lenovo V15 1135G7 15.6 Inches 11th Gen Core i5 (4GB RAM - 1TB HDD),"Rs. 110,000",,,https://priceoye.pk/laptops/lenovo/lenovo-v15-1135g7-15-6-inches-11th-gen-core-i5-4gb-ram-1tb-hdd,https://static.priceoye.pk/images/product-placeholder.jpg
Apple,Apple MacBook Pro 16 inches M1 Chip (MK1F3),"Rs. 564,999",,,https://priceoye.pk/laptops/apple/apple-macbook-pro-16-mk1f3,https://static.priceoye.pk/images/product-placeholder.jpg
Apple,Apple MacBook Pro (MK1A3),"Rs. 839,999",,,https://priceoye.pk/laptops/apple/apple-macbook-pro-mk1a3,https://static.priceoye.pk/images/product-placeholder.jpg
Apple,Apple Macbook Pro 14 inches M1 Chip (MKGP3),"Rs. 443,000",,,https://priceoye.pk/laptops/apple/apple-macbook-pro,https://static.priceoye.pk/images/product-placeholder.jpg
Apple,Apple MacBook Pro 13 Inches M2 Chip (MNEJ3),"Rs. 298,999",,,https://priceoye.pk/laptops/apple/apple-macbook-pro-13-inches-m2-chip-mnej3,https://static.priceoye.pk/images/product-placeholder.jpg
Dell,Dell Inspiron 15.6 Inches AMD Ryzen 7 (16GB RAm - 1TB SSD),"Rs. 172,000",,,https://priceoye.pk/laptops/dell/dell-inspiron-15-6-inches-amd-ryzen-7-16gb-ram-1tb-ssd,https://static.priceoye.pk/images/product-placeholder.jpg
Dell,Dell Inspiron 2 in 1 14 Inches Core i5 (8GB RAM - 512GB SSD),"Rs. 181,000",,,https://priceoye.pk/laptops/dell/dell-inspiron-2-in-1-14-inches-core-i5-8gb-ram-512gb-ssd,https://static.priceoye.pk/images/product-placeholder.jpg
Dell,Dell Inspiron 5510 15.6 Inches 11 Gen Core i5 11320H (8GB RAM - 256GB SSD),"Rs. 167,000",,,https://priceoye.pk/laptops/dell/dell-inspiron-5510-15-6-inches-11-gen-core-i5-11320h-8gb-ram-256gb-ssd,https://static.priceoye.pk/images/product-placeholder.jpg
Dell,Dell Inspiron 5510 15.6 Inches 11 Gen Core i5 11300H (8GB RAM - 512GB SSD),"Rs. 162,999",,,https://priceoye.pk/laptops/dell/dell-inspiron-5510-15-6-inches-core-i5-11300h-8gb-ram-512gb-ssd,https://static.priceoye.pk/images/product-placeholder.jpg
Dell,Dell Inspiron 5510 15.6 Inches 11 Gen Core i7 11390H (8GB RAM - 512GB SSD),"Rs. 190,000",,,https://priceoye.pk/laptops/dell/dell-inspiron-5510-15-6-inches-11-gen-core-i7-11390h-8gb-ram-512gb-ssd,https://static.priceoye.pk/images/product-placeholder.jpg
Dell,Dell XPS 9310 13.4 Inches Core i7 1185G7 (16GB RAM - 512GB SSD),"Rs. 395,000",,,https://priceoye.pk/laptops/dell/dell-xps-9310-13-4-inches-core-i7-1185g7-16gb-ram-512gb-ssd,https://static.priceoye.pk/images/product-placeholder.jpg
Dell,Dell Latitude 3520 I5.6 Inches Core i5 1135G7 (8G RAM - 256GB SSD),"Rs. 140,000",,,https://priceoye.pk/laptops/dell/dell-latitude-3520-i5-6-inches-core-i5-1135g7-8g-ram-256gb-ssd,https://static.priceoye.pk/images/product-placeholder.jpg
Dell,Dell Vostro 3510 Core i5 1135G7 (8G RAM - 256GB SSD),"Rs. 105,000",,,https://priceoye.pk/laptops/dell/dell-vostro-3510-core-i5-1135g7-8g-ram-256gb-ssd,https://static.priceoye.pk/images/product-placeholder.jpg
HP,HP Chromebook x360 14 Inches Core i3 (8GBRAM - 64 GB HDD),"Rs. 67,500",,,https://priceoye.pk/laptops/hp/hp-chromebook-x360-14-inches-core-i3-8gbram-64-gb-hdd,https://static.priceoye.pk/images/product-placeholder.jpg
HP,HP Envy x360 13.3 Inches Core i5 (8GB RAM - 256GB SSD),"Rs. 145,000",,,https://priceoye.pk/laptops/hp/hp-envy-x360-13-3-inches-core-i5-8gb-ram-256gb-ssd,https://static.priceoye.pk/images/product-placeholder.jpg
Lenovo,Lenovo Yoga 6 13.3 Inches AMD Ryzen 5 (08GB RAM - 256GB SSD),"Rs. 137,999",,,https://priceoye.pk/laptops/lenovo/lenovo-yoga-6-13-3-inches-amd-ryzen-5-08gb-ram-256gb-ssd,https://static.priceoye.pk/images/product-placeholder.jpg
Lenovo,Lenovo ThinkBook 15.6 Inches Core i5 (8GB RAM - 1TB HDD),"Rs. 139,999",,,https://priceoye.pk/laptops/lenovo/lenovo-thinkbook-15-6-inches-core-i5-8gb-ram-1tb-hdd,https://static.priceoye.pk/images/product-placeholder.jpg
Lenovo,Lenovo IdeaPad Flex 5 15.6 Inches Core i7 (16GB RAM - 512GB SSD),"Rs. 142,999",,,https://priceoye.pk/laptops/lenovo/lenovo-ideapad-flex-5-15-6-inches-core-i7-16gb-ram-512gb-ssd,https://static.priceoye.pk/images/product-placeholder.jpg
Lenovo,Lenovo ThinkPad E14 14 Inches Core i5 (16GB RAM - 512GB SSD),"Rs. 157,500",,,https://priceoye.pk/laptops/lenovo/lenovo-thinkpad-e14-14-inches-core-i5-16gb-512gb-ssd,https://static.priceoye.pk/images/product-placeholder.jpg
Lenovo,Lenovo Yoga 9 15.6 Inches Core i7 (12GB RAM - 512GB SSD),"Rs. 259,900",,,https://priceoye.pk/laptops/lenovo/lenovo-yoga-9-15-6-inches-core-i7-12gb-ram-512gb-ssd,https://static.priceoye.pk/images/product-placeholder.jpg
Apple,Apple MacBook Air 13.3 Inches Core i5 8GB RAM - 512GB SSD (MVH42 ),"Rs. 169,000",,,https://priceoye.pk/laptops/apple/apple-macbook-air-13-3-inches-core-i5-8gb-ram-512gb-ssd-mvh42,https://static.priceoye.pk/images/product-placeholder.jpg
Apple,Apple MacBook Air 13.3 Inches Core i5 8GB RAM - 512GB SSD (MVH52),"Rs. 169,000",,,https://priceoye.pk/laptops/apple/apple-macbook-air-13-3-inches-core-i5-8gb-ram-512gb-ssd-mvh52,https://static.priceoye.pk/images/product-placeholder.jpg
Apple,Apple MacBook Pro 13.3 Inches M1 Chip 8GB RAM - 256GB SSD (MYD82),"Rs. 240,000",,,https://priceoye.pk/laptops/apple/apple-macbook-pro-13-3-inches-m1-chip-8gb-ram-256gb-ssd-myd82,https://static.priceoye.pk/images/product-placeholder.jpg
Infinix,Infinix INBook X1 Pro 14 Inches Core i7 (16GB RAM - 512GB SSD),"Rs. 137,500",,,https://priceoye.pk/laptops/infinix/infinix-inbook-x1-pro-14-inches-core-i7-8gb-ram-512gb-ssd,https://static.priceoye.pk/images/product-placeholder.jpg
MSI,MSI GF63 Thin 15.6 Inches Core i5 (08GB RAM - 256GB SSD),"Rs. 153,499",,,https://priceoye.pk/laptops/msi/msi-gf63-thin-15-6-inches-core-i5-08gb-ram-256gb-ssd,https://static.priceoye.pk/images/product-placeholder.jpg
MSI,MSI GF65 15.6 Inches Core i7 (16GB RAM - 512GB SSD),"Rs. 246,999",,,https://priceoye.pk/laptops/msi/msi-gf65-15-6-inches-core-i7-16gb-ram-512gb-ssd,https://static.priceoye.pk/images/product-placeholder.jpg
Dell,Dell Inspiron 5310 13.3 Inches Core i7 11370H (8GB RAMâ€“512GB SSD),"Rs. 211,370",,,https://priceoye.pk/laptops/dell/dell-inspiron-5310-13-3-inches-core-i7-11370h-8gb-ram-512gb-ssd,https://static.priceoye.pk/images/product-placeholder.jpg
Dell,Dell Inspiron 3511 15.6-inches 11 Gen Core i5 (4GB RAM- 1TB SATA),"Rs. 155,693",,,https://priceoye.pk/laptops/dell/dell-inspiron-3511-15-6-inches-11-gen-core-i5-4gb-ram-1tb-sata,https://static.priceoye.pk/images/product-placeholder.jpg
Lenovo,Lenovo IdeaPad L3 15.6 Inches Core i7 (08GB RAM - 01TB HDD),"Rs. 197,000",,,https://priceoye.pk/laptops/lenovo/lenovo-ideapad-l3-15-6-inches-core-i7-08gb-ram-01tb-hdd,https://static.priceoye.pk/images/product-placeholder.jpg
Dell,Dell XPS 13 1165 G7 13.3 11 Gen Core i7-9305 (8GB - 512GB),"Rs. 330,999",,,https://priceoye.pk/laptops/dell/dell-xps-13-1165-g7-13-3-11-gen-core-i7-9305-8gb-512gb,https://static.priceoye.pk/images/product-placeholder.jpg
Apple,Apple MacBook Air 13.6 Inches M2 Chip (MLY13),"Rs. 350,000",,,https://priceoye.pk/laptops/apple/apple-macbook-air-13-6-inches-m2-chip-mly13,https://static.priceoye.pk/images/product-placeholder.jpg
Viper,Viper Expeder X 15.6 inches Core i7 (16BG RAM - 512GB SSD),"Rs. 255,000",,,https://priceoye.pk/laptops/viper/viper-expeder-x-15-6-inches-core-i7-6bg-ram-512gb-ssd,https://static.priceoye.pk/images/product-placeholder.jpg
Dell,Dell Latitude 3520 15.6 inches Core i5 (8GB RAM - 256GB SSD),"Rs. 135,900",,,https://priceoye.pk/laptops/dell/dell-latitude-3520-15-6-inches-core-i5-8gb-ram-256gb-ssd,https://static.priceoye.pk/images/product-placeholder.jpg
Dell,Dell Inspiron 5402 14 Inches Core i7 (8GB RAM - 512GB SSD),"Rs. 176,000",,,https://priceoye.pk/laptops/dell/dell-inspiron-5402-14-inches-core-i7-8gb-ram-512gb-ssd,https://static.priceoye.pk/images/product-placeholder.jpg
Dell,Dell Inspiron 5410 14 Inches 11Gen Core i5 11300H (8GB RAM - 512GB SSD),"Rs. 162,000",,,https://priceoye.pk/laptops/dell/dell-inspiron-5410-14-inches-11gen-core-i5-11300h-8gb-ram-512gb-ssd,https://static.priceoye.pk/images/product-placeholder.jpg
Dell,Dell Latitude 3520 15.6 Inches Core i7 1165G7 (8GRAM - 512GB SSD),"Rs. 195,500",,,https://priceoye.pk/laptops/dell/dell-latitude-3520-15-6-inches-core-i7-1165g7-8gram-512gb-ssd,https://static.priceoye.pk/images/product-placeholder.jpg
HP,HP ChromeBook x360 14 Inches Intel Pentium Celeron (8GB RAM - 64GB HDD),"Rs. 54,500",,,https://priceoye.pk/laptops/hp/hp-chromebook-x360-14-inches-intel-pentium-celeron-8gb-ram-64gb-hdd,https://static.priceoye.pk/images/product-placeholder.jpg
HP,HP Chrome Book x360 14 Inches Core i5 (8GB RAM - 64GB HDD),"Rs. 67,000",,,https://priceoye.pk/laptops/hp/hp-chromebook-x360-14-inches-core-i5-8gb-ram-64gb-hdd,https://static.priceoye.pk/images/product-placeholder.jpg
HP,HP EF2127WM 15.6 Inches Core i7 AMD Ryzen 5 (8GB - 256GB SSD),"Rs. 110,000",,,https://priceoye.pk/laptops/hp/hp-ef2127wm-15-6-inches-core-i7-amd-ryzen-5-8gb-256gb-ssd,https://static.priceoye.pk/images/product-placeholder.jpg
HP,HP DQ2055WM 14 Inches Core i3 (4GB RAM - 256GB SSD),"Rs. 87,000",,,https://priceoye.pk/laptops/hp/hp-dq2055wm-14-inches-core-i3-4gb-ram-256gb-ssd,https://static.priceoye.pk/images/product-placeholder.jpg
Lenovo,Lenovo IdeaPad L3 15.6 Inches Core i5 (04GB RAM - 01TB HDD),"Rs. 105,999",,,https://priceoye.pk/laptops/lenovo/lenovo-ideapad-l3-15-6-inches-core-i5-04gb-ram-01tb-hdd,https://static.priceoye.pk/images/product-placeholder.jpg
Lenovo,Lenovo IdeaPad 3 15.6 Inches Core i5 (12GB RAM - 256GB SSD),"Rs. 116,499",,,https://priceoye.pk/laptops/lenovo/lenovo-ideapad-3-15-6-inches-core-i5-12gb-ram-256gb-ssd,https://static.priceoye.pk/images/product-placeholder.jpg
Lenovo,Lenovo ThinkBook 15 15.6 Inches Core i7 (8GB RAM - 1TB HDD),"Rs. 142,900",,,https://priceoye.pk/laptops/lenovo/lenovo-thinkbook-15-15-6-inches,https://static.priceoye.pk/images/product-placeholder.jpg
Lenovo,Lenovo Yoga 6 AMD Ryzen 7 13.3 Inches (16GB RAM - 01TB SSD),"Rs. 179,999",,,https://priceoye.pk/laptops/lenovo/lenovo-yoga-6-amd-ryzen-7-13-3-inches-16gb-ram-01tb-ssd,https://static.priceoye.pk/images/product-placeholder.jpg
Lenovo,Lenovo Yoga 9i 14 Inches Core i7 (16GB RAM - 512GB SSD),"Rs. 288,999",,,https://priceoye.pk/laptops/lenovo/lenovo-yoga-9i-14-inches-core-i7-16gb-ram-512gb-ssd,https://static.priceoye.pk/images/product-placeholder.jpg
Lenovo,Lenovo Legion 5 Pro 16 Inches AMD Ryzen 7 (16GB RAM - 512GB SSD),"Rs. 388,900",,,https://priceoye.pk/laptops/lenovo/lenovo-legion-5-pro-16-inches-amd-ryzen-7-16gb-ram-512gb-ssd,https://static.priceoye.pk/images/product-placeholder.jpg
Apple,Apple MacBook Air 13.3 Inches  Core i3 8GB RAM - 256GB SSD (MWTK2 ),"Rs. 155,000",,,https://priceoye.pk/laptops/apple/apple-macbook-air-13-3-inches-core-i3-8gb-ram-256gb-ssd-mwtk2,https://static.priceoye.pk/images/product-placeholder.jpg
Apple,Apple MacBook Air 13.3 Inches M1 Chip 8GB RAM - 512GB SSD (MGNE3),"Rs. 228,999",,,https://priceoye.pk/laptops/apple/apple-macbook-air-13-3-inches-m1-chip-8gb-ram-512gb-ssd-mgne3,https://static.priceoye.pk/images/product-placeholder.jpg
Apple,Apple MacBook Pro 13.3 Inches M1 Chip 8GB RAM - 256GB SSD (MYDA2),"Rs. 242,000",,,https://priceoye.pk/laptops/apple/apple-macbook-pro-13-3-inches-m1-chip-8gb-ram-256gb-ssd-myda2,https://static.priceoye.pk/images/product-placeholder.jpg
Apple,Apple MacBook Pro 13.3 Inches M1 Chip 8GB RAM - 512GB SSD (MYDC2),"Rs. 271,900",,,https://priceoye.pk/laptops/apple/apple-macbook-pro-13-3-inches-m1-chip-8gb-ram-512gb-ssd-mydc2,https://static.priceoye.pk/images/product-placeholder.jpg
Infinix,Infinix INBook X1 14 Inches Core i5 (8GB RAM - 512GB SSD),"Rs. 99,999",,,https://priceoye.pk/laptops/infinix/infinix-inbook-x1-14-inches-core-i5-8gb-ram-512gb-ssd,https://static.priceoye.pk/images/product-placeholder.jpg
ASUS,ASUS TUF Dash F15-516P 15.6 Inches Core i7 (08GB RAM - 512GB SSD),"Rs. 215,900",,,https://priceoye.pk/laptops/asus/asus-tuf-dash-f15-516p-tiger-lake-11th-gen-core-i7-quadcore-processor-08gb-512gb-ssd,https://static.priceoye.pk/images/product-placeholder.jpg
ASUS,ASUS ROG Zephyrus M16 GU603 16 Inches Core i9 (16GB RAM - 1TB SSD),"Rs. 358,900",,,https://priceoye.pk/laptops/asus/asus-rog-zephyrus-m16-gu603-core-i9-octacore-processor-16gb-1-tb-ssd,https://static.priceoye.pk/images/product-placeholder.jpg
MSI,MSI Sword 15.6 Inches Core i7 (08GB RAM - 512GB SSD),"Rs. 207,999",,,https://priceoye.pk/laptops/msi/msi-sword-15-6-inches-core-i7-08gb-ram-512gb-ssd,https://static.priceoye.pk/images/product-placeholder.jpg
Dell,Dell Inspiron 3515 15.6 inches AMD Ryzen 7 3700U (8GB-512GB),"Rs. 161,000",,,https://priceoye.pk/laptops/dell/dell-inspiron-3515-15-6-inches-amd-ryzen-7-3700u-8gb-512gb,https://static.priceoye.pk/images/product-placeholder.jpg
Dell,Dell Inspiron 5410 14 Inches 11th Gen Core i5 1155G7 NVIDIA GE FORCE MX350 2GB GDDR5 GRAPHICS (8GB RAM - 512GB),"Rs. 210,000",,,https://priceoye.pk/laptops/dell/dell-inspiron-5410-14-inches-11th-gen-core-i5-1155g7-nvidia-ge-force-mx350-2gb-gddr5-graphics-8gb-ram-512gb,https://static.priceoye.pk/images/product-placeholder.jpg
Dell,Dell Gaming G5 15.6 inches 11 gen Core I7-11800H NVIDIA GeFORCE RTX-3050 Ti with 4GB GDDR6 (16gb - 512gb),"Rs. 330,500",,,https://priceoye.pk/laptops/dell/dell-gaming-g5-15-6-inches-11-gen-core-i7-11800h-nvidia-geforce-rtx-3050-ti-with-4gb-gddr6-16gb-512gb,https://static.priceoye.pk/images/product-placeholder.jpg
Dell,Dell Gaming G5 15.6 inches Ryzen 7 5800H NVIDIA GeFORCE RTX-3050 (16gb - 512gb),"Rs. 268,000",,,https://priceoye.pk/laptops/dell/dell-gaming-g5-15-6-inches-ryzen-7-5800h-nvidia-geforce-rtx-3050-16gb-512gb,https://static.priceoye.pk/images/product-placeholder.jpg
Dell,Dell Inspiron 3501 15.6 inches Core i3 1115G4 (4GB RAM - 1TB HDD),"Rs. 88,999",,,https://priceoye.pk/laptops/dell/dell-inspiron-3501-15-6-inches-core-i3-1115g4-4gb-ram-1tb-hdd,https://static.priceoye.pk/images/product-placeholder.jpg
Dell,Dell Latitude 7400 14 Inches Core i5 (8GB RAM - 256GB SSD),"Rs. 93,000",,,https://priceoye.pk/laptops/dell/dell-latitude-7400-14-inches-core-i5-8gb-ram-256gb-ssd,https://static.priceoye.pk/images/product-placeholder.jpg
Dell,Dell Inspiron 3502 15.6 Inches Intel Celeron (4GB RAM - 128 GB SSD),"Rs. 86,199",,,https://priceoye.pk/laptops/dell/dell-inspiron-3502-15-6-inches-intel-celeron-4gb-ram-128-gb-ssd,https://static.priceoye.pk/images/product-placeholder.jpg
Dell,Dell Inspiron 7506 15.6 Inches Core i7 (16GB RAM - 512GB SSD),"Rs. 207,000",,,https://priceoye.pk/laptops/dell/dell-inspiron-7506-15-6-inches-core-i7-16gb-ram-512gb-ssd,https://static.priceoye.pk/images/product-placeholder.jpg
Dell,Dell Inspiron 3511 15.6-inches 11th Gen Core i5 Win10 (8GB RAM- 1TB SATA),"Rs. 130,999",,,https://priceoye.pk/laptops/dell/dell-inspiron-3511-15-6-inches-11th-gen-core-i5-win10-8gb-ram-1tb-sata,https://static.priceoye.pk/images/product-placeholder.jpg
Dell,Dell XPS 9305 13.3 Inches Core i5 1135G7 (8GB Ram - 256GB SSD),"Rs. 235,000",,,https://priceoye.pk/laptops/dell/dell-xps-9305-13-3-inches-core-i5-1135g7-8gb-ram-256gb-ssd,https://static.priceoye.pk/images/product-placeholder.jpg
Dell,Dell Latitude 7420 14 Inches Core i7 1165G7 (16GB RAM - 512GB SSD),"Rs. 285,000",,,https://priceoye.pk/laptops/dell/dell-latitude-7420-14-inches-core-i7-1165g7-16gb-ram-512gb-ssd,https://static.priceoye.pk/images/product-placeholder.jpg
HP,HP ChromeBook 14 G4 Intel Celeron (02GB RAM - 16GB SSD),"Rs. 16,999",,,https://priceoye.pk/laptops/hp/hp-chromebook-14-g4-intel-celeron-02gb-ram-16gb-ssd,https://static.priceoye.pk/images/product-placeholder.jpg
HP,HP Chromebook x360 11.6 Inches Intel Celeron (4GB RAM - 32GB HDD),"Rs. 44,900",,,https://priceoye.pk/laptops/hp/hp-chromebook-x360-11-6-inches-intel-celeron-4gb-ram-32gb-hdd,https://static.priceoye.pk/images/product-placeholder.jpg
HP,HP Pavilion Gaming Laptop 16.1 Inches Core i5 (8GB RAM - 256GBSSD),"Rs. 160,000",,,https://priceoye.pk/laptops/hp/hp-pavilion-gaming-laptop-a0051wm-16-1-inches-core-i5-8gb-ram-256gbssd,https://static.priceoye.pk/images/product-placeholder.jpg
HP,HP Victus Series Gaming Laptop 16.1 Inches Core i5 (8GB RAM - 256GB SSD),"Rs. 196,000",,,https://priceoye.pk/laptops/hp/hp-victus-series-gaming-laptop-16-1-inches-core-i5-8gb-ram-256gb-ssd,https://static.priceoye.pk/images/product-placeholder.jpg
Lenovo,Lenovo IdeaPad 3 15.6 Inches Core i3 (04GB RAM - 128GB SSD),"Rs. 84,999",,,https://priceoye.pk/laptops/lenovo/lenovo-ideapad-3-15-6-inches-core-i3-04gb-ram-128gb-ssd,https://static.priceoye.pk/images/product-placeholder.jpg
Lenovo,Lenovo ThinkPad P1 16 Inches Core i9 (32GB RAM - 01TB SSD),"Rs. 574,999",,,https://priceoye.pk/laptops/lenovo/lenovo-thinkpad-p1-16-inches-core-i9-32gb-ram-01tb-ssd,https://static.priceoye.pk/images/product-placeholder.jpg
ASUS,ASUS ZenBook UX325 13.3 Inches Core i7 (16GB RAM - 1TB SSD),"Rs. 219,999",,,https://priceoye.pk/laptops/asus/asus-tuf-dash-15-fx516pe-gaming-tiger-lake-11th-gen-core-i5-quadcore-08gb-512gb-ssd-4-gb,https://static.priceoye.pk/images/product-placeholder.jpg
Asus,Asus ZenBook Duo UX482 14 Inches Core i7 (16GB RAM - 1TB SSD),"Rs. 329,999",,,https://priceoye.pk/laptops/asus/asus-zenbook-duo-14-ux482-ice-lake-11th-gen-core-i7-16gb-1-tb-ssd,https://static.priceoye.pk/images/product-placeholder.jpg
Acer,Acer Predator Helios 300 15.6 Inches Core i7 (16GB RAM - 512GB SSD),"Rs. 276,900",,,https://priceoye.pk/laptops/acer/acer-predator-helios-300-15-6-inches-core-i7-16gb-ram-512gb-ssd,https://static.priceoye.pk/images/product-placeholder.jpg
MSI,MSI Stealth 15.6 Inches Core i7 (16GB RAM - 512GB SSD),"Rs. 284,000",,,https://priceoye.pk/laptops/msi/msi-stealth-15-6-inches-core-i7-16gb-ram-512gb-ssd,https://static.priceoye.pk/images/product-placeholder.jpg
Dell,Dell Inspiron 5410 14 Inches 11th Gen Core i5 1135G7 NVIDIA GE FORCE MX350 (8GB RAM-512GB SSD),"Rs. 222,504",,,https://priceoye.pk/laptops/dell/dell-inspiron-5410-14-inches-11th-gen-core-i5-1135g7-nvidia-ge-force-mx350-8gb-ram-512gb-ssd,https://static.priceoye.pk/images/product-placeholder.jpg
Dell,Dell XPS 13.4 inches 9310 11 Gen Corei5 1135G7 (8gb - 512gb),"Rs. 360,800",,,https://priceoye.pk/laptops/dell/dell-xps-13-4-inches-9310-11-gen-corei5-1135g7-8gb-512gb,https://static.priceoye.pk/images/product-placeholder.jpg
Apple,Apple MacBook Pro 16 inches M1 Chip (MK193),"Rs. 671,900",,,https://priceoye.pk/laptops/apple/apple-macbook-pro-16-mk193,https://static.priceoye.pk/images/product-placeholder.jpg
Dell,Dell Inspiron 7405 14 inches AMD Ryzen 5 (8GB RAM - 256GB SSD),"Rs. 122,500",,,https://priceoye.pk/laptops/dell/dell-inspiron-7504,https://static.priceoye.pk/images/product-placeholder.jpg
Dell,Dell Inspiron 5406 14 Inches Core i5 (8GB RAM - 512GB SSD),"Rs. 178,000",,,https://priceoye.pk/laptops/dell/dell-inspiron-5406-14-inches-core-i5-8gb-ram-512gb-ssd,https://static.priceoye.pk/images/product-placeholder.jpg
Dell,Dell Inspiron 5410 14 Inches 11 Gen Core i7 11370H (8GB RAM -512GB SSD),"Rs. 186,000",,,https://priceoye.pk/laptops/dell/dell-inspiron-5410-14-inches-11-gen-core-i7-11370h-8gb-ram-512gb-ssd,https://static.priceoye.pk/images/product-placeholder.jpg
Dell,Dell XPS 9510 15 Inches Core i7 11800H (16GB RAM - 1TB SSD),"Rs. 445,000",,,https://priceoye.pk/laptops/dell/dell-xps-9510-15-inches-core-i7-11800h-16gb-ram-1tb-ssd,https://static.priceoye.pk/images/product-placeholder.jpg
Dell,Dell Latitude 3520 15.6 Inches Core i3 1115G4 (8GB RAM - 256GB SSD),"Rs. 115,000",,,https://priceoye.pk/laptops/dell/dell-latitude-3520-15-6-inches-core-i3-1115g4-8gb-ram-256gb-ssd,https://static.priceoye.pk/images/product-placeholder.jpg
Dell,Dell Latitude 5520 I5.6 Inches Core i5 1135G7 (8GB RAM - 256GB SSD),"Rs. 172,000",,,https://priceoye.pk/laptops/dell/dell-latitude-5520-i5-6-inches-core-i5-1135g7-8gb-ram-256gb-ssd,https://static.priceoye.pk/images/product-placeholder.jpg
HP,HP ChromeBook x360 14 Inches Core i3 (8GB RAM - 64GB SSD),"Rs. 60,000",,,https://priceoye.pk/laptops/hp/hp-chromebook-x360-14-inches-core-i3-8gb-ram-64gb-ssd,https://static.priceoye.pk/images/product-placeholder.jpg
HP,HP DW3024NIA 15.6 Inches Core i3 (4GB RAM - 256GB SSD),"Rs. 87,000",,,https://priceoye.pk/laptops/hp/hp-dw3024nia-15-6-inches-core-i3-4gb-ram-256gb-ssd,https://static.priceoye.pk/images/product-placeholder.jpg
HP,HP EF2126WM 15.6 Inches AMD Ryzen 5 (8GB RAM - 256GB SSD),"Rs. 106,999",,,https://priceoye.pk/laptops/hp/hp-ef2126wm-15-6-inches-amd-ryzen-5-8gb-ram-256gb-ssd,https://static.priceoye.pk/images/product-placeholder.jpg
HP,HP EliteBook Folio x360 13.3 Inches Core i7(16GB RAM - 256GB SSD),"Rs. 162,000",,,https://priceoye.pk/laptops/hp/hp-elitebook-folio-x360-13-3-inches-core-i7-16gb-ram-256gb-ssd,https://static.priceoye.pk/images/product-placeholder.jpg
HP,HP ZBook Studio G5 15.6 Inches Core i7(8GB RAM - 256GB SSD),"Rs. 162,000",,,https://priceoye.pk/laptops/hp/hp-zbook-studio-g5-mobile-workstation-15-6-inches-core-i7-8gb-ram-256gb-ssd,https://static.priceoye.pk/images/product-placeholder.jpg
HP,HP Spectre x360 13.3 Inches Core i7 (16GB RAM - 512GB SSD),"Rs. 193,000",,,https://priceoye.pk/laptops/hp/hp-spectre-x360-aw0239tu-13-3-inches-core-i7-16gb-ram-512gb-ssd,https://static.priceoye.pk/images/product-placeholder.jpg
HP,HP ZBook 9750H 15.6 Inches Core i7 (16GB RAM - 512GB SSD),"Rs. 220,000",,,https://priceoye.pk/laptops/hp/hp-zbook-9750h-15-6-inches-core-i7-16gb-ram-512gb-ssd,https://static.priceoye.pk/images/product-placeholder.jpg
HP,HP Pavilion EH1070WM 15.6 Inches AMD Ryzen 7(8GB RAM - 512GB SSD),"Rs. 140,000",,,https://priceoye.pk/laptops/hp/hp-pavilion-eh1070wm-15-6-inches-amd-ryzen-7-8gb-ram-512gb-ssd,https://static.priceoye.pk/images/product-placeholder.jpg
Lenovo,Lenovo Thinkpad E15 15.6 Inches Core i5 (8GB RAM - 512GB HDD),"Rs. 153,000",,,https://priceoye.pk/laptops/lenovo/lenovo-thinkpad-e15-15-6-inches-core-i5-8gb-ram-512gb-hdd,https://static.priceoye.pk/images/product-placeholder.jpg
Lenovo,Lenovo IdeaPad Flex 5 AMD Ryzen 7 (16GB RAM - 512GB SSD),"Rs. 178,000",,,https://priceoye.pk/laptops/lenovo/lenovo-ideapad-flex-5-amd-ryzen-7-16gb-ram-512gb-ssd,https://static.priceoye.pk/images/product-placeholder.jpg
Lenovo,Lenovo Flex 5 14 Inches Core i5 (16GB RAM - 512GB SSD),"Rs. 188,500",,,https://priceoye.pk/laptops/lenovo/lenovo-flex-5-14-inches-core-i5-16gb-ram-512gb-ssd,https://static.priceoye.pk/images/product-placeholder.jpg
Lenovo,Lenovo ThinkPad E14 14 Inches Core i7 (8GB RAM - 512GB SSD),"Rs. 194,999",,,https://priceoye.pk/laptops/lenovo/lenovo-thinkpad-e14-14-inches-core-i7-8gb-ram-512gb-ssd,https://static.priceoye.pk/images/product-placeholder.jpg
Lenovo,Lenovo Thinkpad E15 15.6 Inches Core i7 (8GB RAM - 512GB SSD),"Rs. 194,999",,,https://priceoye.pk/laptops/lenovo/lenovo-thinkpad-e15-15-6-inches-core-i7-8gb-ram-512gb-ssd,https://static.priceoye.pk/images/product-placeholder.jpg
Apple,Apple MacBook Air 13.3 Inches M1 Chip 8GB RAM - 256GB SSD (MGN93),"Rs. 182,000",,,https://priceoye.pk/laptops/apple/apple-macbook-air-13-3-inches-m1-chip-8gb-ram-256gb-ssd-mgn93,https://static.priceoye.pk/images/product-placeholder.jpg
ASUS,ASUS VivoBook K513 15.6 Inches Core i3 (4GB RAM - 512GB SSD),"Rs. 94,900",,,https://priceoye.pk/laptops/asus/asus-vivo,https://static.priceoye.pk/images/product-placeholder.jpg
Asus,Asus ROG Zephyrus G15 GA503QR 15.6 Inches Ryzen 9 5900HS Octa-Core (16GB RAM - 1TB SSD),"Rs. 399,900",,,https://priceoye.pk/laptops/asus/asus-rog-zephyrus-g15-ga503qr-gaming-laptop-amd-ryzen-9-5900hs-octa-core-processor-16gb-1-tb-ssd,https://static.priceoye.pk/images/product-placeholder.jpg
ASUS,ASUS VivoBook K513EP 15.6 Inches 11th Gen Core i5 (8GB RAM - 512GB SSD),"Rs. 172,806",,,https://priceoye.pk/laptops/asus/asus-vivobook-k513ep-15-6-inches-11th-gen-core-i5-8gb-ram-512gb-ssd,https://static.priceoye.pk/images/product-placeholder.jpg
Dell,Dell Inspiron 5410 14 Inches 11th Gen Core i5 1135G7 (8GB RAM-512GB SSD),"Rs. 207,208",,,https://priceoye.pk/laptops/dell/dell-inspiron-5410-14-inches-11th-gen-core-i5-8gb-ram-512gb-ssd,https://static.priceoye.pk/images/product-placeholder.jpg
Dell,Dell Inspiron 3511 15.6-inches 11th Gen Core i5 Win11(8GB RAM- 1TB SATA),"Rs. 149,396",,,https://priceoye.pk/laptops/dell/dell-inspiron-3511-15-6-inches-11th-gen-core-i5-win11-8gb-ram-1tb-sata,https://static.priceoye.pk/images/product-placeholder.jpg
Dell,Dell XPS 15 9510 15.6 inches 11 gen Core i9-11900H  NVIDIA GEFORCE RTX3050 Ti 4GB GDDR6 (32gb-1tb),"Rs. 632,000",,,https://priceoye.pk/laptops/dell/dell-xps-15-9510-15-6-inches-11-gen-core-i7-11900h-nvidia-geforce-rtx3050-ti-4gb-gddr6-32gb-1tb,https://static.priceoye.pk/images/product-placeholder.jpg
Apple,Apple MacBook Pro 13 inches M1 Chip (MYD82),"Rs. 291,900",,,https://priceoye.pk/laptops/apple/apple-macbook-pro-13-myd82,https://static.priceoye.pk/images/product-placeholder.jpg
Apple,Apple MacBook Air  13.6 inches M2  Chip (MLXY3),"Rs. 294,990",,,https://priceoye.pk/laptops/apple/apple-macbook-air-13-6-inches,https://static.priceoye.pk/images/product-placeholder.jpg
