Brand,Phone_Name,Price,MarketPrice,Discount,Link,ImageLink
Infinix,Infinix Hot 12 Play,"Rs. 34,099","
                Rs. 35,999            ","
                (5% OFF)            ",https://priceoye.pk/mobiles/infinix/infinix-hot-12-play,https://static.priceoye.pk/images/placeholder-product-mobile.jpg
Infinix,Infinix Hot 12i,"Rs. 38,099","
                Rs. 42,000            ","
                (9% OFF)            ",https://priceoye.pk/mobiles/infinix/infinix-hot-12i,https://static.priceoye.pk/images/placeholder-product-mobile.jpg
ZTE,ZTE Blade A31 Plus,"Rs. 18,799","
                Rs. 22,299            ","
                (16% OFF)            ",https://priceoye.pk/mobiles/zte/zte-blade-a31-plus,https://static.priceoye.pk/images/placeholder-product-mobile.jpg
Jazz,Jazz Digit E3 Pro 4G,"Rs. 9,899","
                Rs. 10,999            ","
                (10% OFF)            ",https://priceoye.pk/mobiles/digit/digit-e3-pro-4g,https://static.priceoye.pk/images/placeholder-product-mobile.jpg
Realme,Realme C25Y,"Rs. 36,699","
                Rs. 49,999            ","
                (27% OFF)            ",https://priceoye.pk/mobiles/realme/realme-c25y,https://static.priceoye.pk/images/placeholder-product-mobile.jpg
Samsung,Samsung Galaxy A13,"Rs. 50,999","
                Rs. 57,999            ","
                (12% OFF)            ",https://priceoye.pk/mobiles/samsung/samsung-galaxy-a13,https://static.priceoye.pk/images/placeholder-product-mobile.jpg
ZTE,ZTE Blade A52,"Rs. 26,499","
                Rs. 36,199            ","
                (27% OFF)            ",https://priceoye.pk/mobiles/zte/zte-blade-a52,https://static.priceoye.pk/images/placeholder-product-mobile.jpg
Infinix,Infinix Note 12 G88,"Rs. 49,499","
                Rs. 58,999            ","
                (16% OFF)            ",https://priceoye.pk/mobiles/infinix/infinix-note-12-g88,https://static.priceoye.pk/images/placeholder-product-mobile.jpg
Samsung,Samsung Galaxy A32,"Rs. 79,999","
                Rs. 84,999            ","
                (6% OFF)            ",https://priceoye.pk/mobiles/samsung/samsung-galaxy-a32,https://static.priceoye.pk/images/placeholder-product-mobile.jpg
Realme,Realme Narzo 50,"Rs. 40,699","
                Rs. 47,999            ","
                (15% OFF)            ",https://priceoye.pk/mobiles/realme/realme-narzo-50,https://static.priceoye.pk/images/placeholder-product-mobile.jpg
Samsung,Samsung Galaxy A23,"Rs. 71,899","
                Rs. 78,500            ","
                (8% OFF)            ",https://priceoye.pk/mobiles/samsung/samsung-galaxy-a23,https://static.priceoye.pk/images/placeholder-product-mobile.jpg
Infinix,Infinix Note 12 G96,"Rs. 51,799","
                Rs. 54,999            ","
                (6% OFF)            ",https://priceoye.pk/mobiles/infinix/infinix-note-12-g96,https://static.priceoye.pk/images/placeholder-product-mobile.jpg
Samsung,Samsung Galaxy A53 5G,"Rs. 112,999","
                Rs. 133,999            ","
                (16% OFF)            ",https://priceoye.pk/mobiles/samsung/samsung-galaxy-a53,https://static.priceoye.pk/images/placeholder-product-mobile.jpg
itel,itel P17 Pro,"Rs. 18,299","
                Rs. 23,999            ","
                (24% OFF)            ",https://priceoye.pk/mobiles/itel/itel-p17-pro,https://static.priceoye.pk/images/placeholder-product-mobile.jpg
Xiaomi,Xiaomi Redmi A1+,"Rs. 24,999","
                Rs. 26,999            ","
                (7% OFF)            ",https://priceoye.pk/mobiles/xiaomi/xiaomi-redmi-a1,https://static.priceoye.pk/images/placeholder-product-mobile.jpg
Realme,Realme 9 Pro Plus,"Rs. 87,499","
                Rs. 96,999            ","
                (10% OFF)            ",https://priceoye.pk/mobiles/realme/realme-9-pro-plus,https://static.priceoye.pk/images/placeholder-product-mobile.jpg
Infinix,Infinix Hot 11 Play,"Rs. 36,999","
                Rs. 39,999            ","
                (8% OFF)            ",https://priceoye.pk/mobiles/infinix/infinix-hot-11-play,https://static.priceoye.pk/images/placeholder-product-mobile.jpg
Infinix,Infinix Zero 20,"Rs. 78,999","
                Rs. 79,999            ","
                (1% OFF)            ",https://priceoye.pk/mobiles/infinix/infinix-zero-20,https://static.priceoye.pk/images/placeholder-product-mobile.jpg
Jazz,Jazz Digit Energy 4G,"Rs. 9,099","
                Rs. 10,900            ","
                (17% OFF)            ",https://priceoye.pk/mobiles/digit/jazz-digit-energy-4g,https://static.priceoye.pk/images/placeholder-product-mobile.jpg
Xiaomi,Xiaomi Redmi 10A,"Rs. 34,399","
                Rs. 38,999            ","
                (12% OFF)            ",https://priceoye.pk/mobiles/xiaomi/xiaomi-redmi-10a,https://static.priceoye.pk/images/placeholder-product-mobile.jpg
Oppo,Oppo A96,"Rs. 72,199","
                Rs. 77,999            ","
                (7% OFF)            ",https://priceoye.pk/mobiles/oppo/oppo-a96,https://static.priceoye.pk/images/placeholder-product-mobile.jpg
Oppo,Oppo A57,"Rs. 52,699","
                Rs. 54,999            ","
                (4% OFF)            ",https://priceoye.pk/mobiles/oppo/oppo-a57-4g,https://static.priceoye.pk/images/placeholder-product-mobile.jpg
Samsung,Samsung Galaxy A04,"Rs. 34,799","
                Rs. 37,500            ","
                (7% OFF)            ",https://priceoye.pk/mobiles/samsung/samsung-galaxy-a04,https://static.priceoye.pk/images/placeholder-product-mobile.jpg
itel,itel A23 Pro,"Rs. 14,099","
                Rs. 17,999            ","
                (22% OFF)            ",https://priceoye.pk/mobiles/itel/itel-a23-pro,https://static.priceoye.pk/images/placeholder-product-mobile.jpg
Oppo,Oppo A16,"Rs. 49,399","
                Rs. 49,999            ","
                (1% OFF)            ",https://priceoye.pk/mobiles/oppo/oppo-a16,https://static.priceoye.pk/images/placeholder-product-mobile.jpg
Oppo,Oppo A16e,"Rs. 43,499",,,https://priceoye.pk/mobiles/oppo/oppo-a16e,https://static.priceoye.pk/images/placeholder-product-mobile.jpg
Realme,Realme C35,"Rs. 47,499","
                Rs. 59,999            ","
                (21% OFF)            ",https://priceoye.pk/mobiles/realme/realme-c35,https://static.priceoye.pk/images/placeholder-product-mobile.jpg
Realme,Realme C21,"Rs. 31,899","
                Rs. 32,099            ","
                (1% OFF)            ",https://priceoye.pk/mobiles/realme/realme-c21,https://static.priceoye.pk/images/placeholder-product-mobile.jpg
Oppo,Oppo F21 Pro,"Rs. 93,199","
                Rs. 93,299            ","
                (0% OFF)            ",https://priceoye.pk/mobiles/oppo/oppo-f21-pro,https://static.priceoye.pk/images/placeholder-product-mobile.jpg
Oppo,Oppo A54,"Rs. 56,299","
                Rs. 59,999            ","
                (6% OFF)            ",https://priceoye.pk/mobiles/oppo/oppo-a54,https://static.priceoye.pk/images/placeholder-product-mobile.jpg
Tecno,Tecno Camon 19 Neo,"Rs. 43,999","
                Rs. 44,999            ","
                (2% OFF)            ",https://priceoye.pk/mobiles/tecno/tecno-camon-19-neo,https://static.priceoye.pk/images/placeholder-product-mobile.jpg
Samsung,Samsung Galaxy Z Fold 4,"Rs. 395,999","
                Rs. 539,999            ","
                (27% OFF)            ",https://priceoye.pk/mobiles/samsung/samsung-galaxy-z-fold-4,https://static.priceoye.pk/images/placeholder-product-mobile.jpg
Tecno,Tecno Pova Neo 2,"Rs. 40,099","
                Rs. 41,999            ","
                (5% OFF)            ",https://priceoye.pk/mobiles/tecno/tecno-pova-neo-2,https://static.priceoye.pk/images/placeholder-product-mobile.jpg
Realme,Realme 9 4G,"Rs. 75,199","
                Rs. 75,299            ","
                (0% OFF)            ",https://priceoye.pk/mobiles/realme/realme-9-4g,https://static.priceoye.pk/images/placeholder-product-mobile.jpg
itel,itel Value 100,"Rs. 2,749",,,https://priceoye.pk/mobiles/itel/itel-value-100,https://static.priceoye.pk/images/placeholder-product-mobile.jpg
Sparx,Sparx S9,"Rs. 19,599","
                Rs. 20,999            ","
                (7% OFF)            ",https://priceoye.pk/mobiles/sparx/sparx-s9,https://static.priceoye.pk/images/placeholder-product-mobile.jpg
Vivo,Vivo V25 5G,"Rs. 140,499","
                Rs. 140,999            ","
                (0% OFF)            ",https://priceoye.pk/mobiles/vivo/vivo-v25,https://static.priceoye.pk/images/placeholder-product-mobile.jpg
Itel,Itel Magic 3 Titan,"Rs. 4,599","
                Rs. 5,499            ","
                (16% OFF)            ",https://priceoye.pk/mobiles/itel/itel-magic-3-titan,https://static.priceoye.pk/images/placeholder-product-mobile.jpg
Infinix,Infinix Hot 20i,"Rs. 35,749","
                Rs. 43,999            ","
                (19% OFF)            ",https://priceoye.pk/mobiles/infinix/infinix-hot-20i,https://static.priceoye.pk/images/placeholder-product-mobile.jpg
Realme,Realme C25s,"Rs. 41,599","
                Rs. 54,999            ","
                (24% OFF)            ",https://priceoye.pk/mobiles/realme/realme-c25s,https://static.priceoye.pk/images/placeholder-product-mobile.jpg
Infinix,Infinix Smart 6,"Rs. 32,999","
                Rs. 38,999            ","
                (15% OFF)            ",https://priceoye.pk/mobiles/infinix/infinix-smart-6,https://static.priceoye.pk/images/placeholder-product-mobile.jpg
Realme,Realme GT Master Edition,"Rs. 102,299",,,https://priceoye.pk/mobiles/realme/realme-gt-master-edition,https://static.priceoye.pk/images/placeholder-product-mobile.jpg
Itel,Itel 5026,"Rs. 3,599",,,https://priceoye.pk/mobiles/itel/itel-5026,https://static.priceoye.pk/images/placeholder-product-mobile.jpg
Vivo,Vivo Y16,"Rs. 51,699","
                Rs. 62,999            ","
                (18% OFF)            ",https://priceoye.pk/mobiles/vivo/vivo-y16,https://static.priceoye.pk/images/placeholder-product-mobile.jpg
Jazz,Jazz Digit Music 4G,"Rs. 7,499","
                Rs. 8,999            ","
                (17% OFF)            ",https://priceoye.pk/mobiles/jazz-digit/jazz-digit-music-4g,https://static.priceoye.pk/images/placeholder-product-mobile.jpg
Digit,Digit Play 1,"Rs. 21,999","
                Rs. 23,299            ","
                (6% OFF)            ",https://priceoye.pk/mobiles/digit/digit-play-1,https://static.priceoye.pk/images/placeholder-product-mobile.jpg
Xiaomi,Xiaomi Redmi 10C,"Rs. 45,299","
                Rs. 49,999            ","
                (9% OFF)            ",https://priceoye.pk/mobiles/xiaomi/redmi-10c,https://static.priceoye.pk/images/placeholder-product-mobile.jpg
Realme,Realme C30,"Rs. 33,399","
                Rs. 34,999            ","
                (5% OFF)            ",https://priceoye.pk/mobiles/realme/realme-c30,https://static.priceoye.pk/images/placeholder-product-mobile.jpg
Vivo,Vivo Y22,"Rs. 57,699","
                Rs. 69,999            ","
                (18% OFF)            ",https://priceoye.pk/mobiles/vivo/vivo-y22,https://static.priceoye.pk/images/placeholder-product-mobile.jpg
Tecno,Tecno Pova Neo,"Rs. 33,099","
                Rs. 34,999            ","
                (5% OFF)            ",https://priceoye.pk/mobiles/tecno/tecno-pova-neo,https://static.priceoye.pk/images/placeholder-product-mobile.jpg
GRESSO,GRESSO E1280,"Rs. 2,499",,,https://priceoye.pk/mobiles/gresso/gresso-e1280,https://static.priceoye.pk/images/placeholder-product-mobile.jpg
Samsung,Samsung Galaxy Z Flip 4,"Rs. 274,999","
                Rs. 332,999            ","
                (17% OFF)            ",https://priceoye.pk/mobiles/samsung/samsung-galaxy-z-flip-4,https://static.priceoye.pk/images/placeholder-product-mobile.jpg
E-Tachi,E-Tachi E8 Classic,"Rs. 3,999",,,https://priceoye.pk/mobiles/e-tachi/e-tachi-e8-classic,https://static.priceoye.pk/images/placeholder-product-mobile.jpg
Sparx,Sparx Neo 7 Pro,"Rs. 29,299","
                Rs. 31,499            ","
                (7% OFF)            ",https://priceoye.pk/mobiles/sparx/sparx-neo-7-pro,https://static.priceoye.pk/images/placeholder-product-mobile.jpg
itel,itel Muzik 400,"Rs. 4,299","
                Rs. 4,499            ","
                (4% OFF)            ",https://priceoye.pk/mobiles/itel/itel-muzik-400,https://static.priceoye.pk/images/placeholder-product-mobile.jpg
Samsung,Samsung Galaxy S21 FE,"Rs. 151,499","
                Rs. 162,999            ","
                (7% OFF)            ",https://priceoye.pk/mobiles/samsung/samsung-galaxy-s21-fe,https://static.priceoye.pk/images/placeholder-product-mobile.jpg
itel,itel Value 100s,"Rs. 2,699","
                Rs. 2,799            ","
                (4% OFF)            ",https://priceoye.pk/mobiles/itel/itel-value-100s,https://static.priceoye.pk/images/placeholder-product-mobile.jpg
Infinix,Infinix Hot 12,"Rs. 42,799","
                Rs. 44,999            ","
                (5% OFF)            ",https://priceoye.pk/mobiles/infinix/infinix-hot-12,https://static.priceoye.pk/images/placeholder-product-mobile.jpg
Realme,Realme 9i,"Rs. 69,199","
                Rs. 72,299            ","
                (4% OFF)            ",https://priceoye.pk/mobiles/realme/realme-9i,https://static.priceoye.pk/images/placeholder-product-mobile.jpg
Samsung,Samsung Galaxy S22 Ultra,"Rs. 359,999","
                Rs. 424,999            ","
                (15% OFF)            ",https://priceoye.pk/mobiles/samsung/samsung-galaxy-s22-ultra,https://static.priceoye.pk/images/placeholder-product-mobile.jpg
Oppo,Oppo A76,"Rs. 64,899","
                Rs. 65,999            ","
                (2% OFF)            ",https://priceoye.pk/mobiles/oppo/oppo-a76,https://static.priceoye.pk/images/placeholder-product-mobile.jpg
me,me Mobile Magic Star,"Rs. 2,799",,,https://priceoye.pk/mobiles/me-mobile/me-mobile-magic-star,https://static.priceoye.pk/images/placeholder-product-mobile.jpg
Spice,Spice S5026,"Rs. 2,899",,,https://priceoye.pk/mobiles/spice/spice-s5026,https://static.priceoye.pk/images/placeholder-product-mobile.jpg
GFive,GFive Style,"Rs. 3,699",,,https://priceoye.pk/mobiles/gfive/gfive-style,https://static.priceoye.pk/images/placeholder-product-mobile.jpg
E-Tachi,E-Tachi E5310 Lite,"Rs. 3,949",,,https://priceoye.pk/mobiles/e-tachi/e-tachi-e5310-lite,https://static.priceoye.pk/images/placeholder-product-mobile.jpg
Tecno,Tecno Spark 9T,"Rs. 38,999","
                Rs. 44,999            ","
                (13% OFF)            ",https://priceoye.pk/mobiles/tecno/tecno-spark-9t,https://static.priceoye.pk/images/placeholder-product-mobile.jpg
XMobile,XMobile Champion,"Rs. 3,399",,,https://priceoye.pk/mobiles/xmobile/xmobile-champion,https://static.priceoye.pk/images/placeholder-product-mobile.jpg
E-Tachi,E-Tachi B105 Lite,"Rs. 2,999",,,https://priceoye.pk/mobiles/e-tachi/e-tachi-b105-lite,https://static.priceoye.pk/images/placeholder-product-mobile.jpg
Nokia,Nokia C31,"Rs. 39,499","
                Rs. 40,500            ","
                (2% OFF)            ",https://priceoye.pk/mobiles/nokia/nokia-c31,https://static.priceoye.pk/images/placeholder-product-mobile.jpg
QMobile,QMobile E400i,"Rs. 3,649",,,https://priceoye.pk/mobiles/qmobile/qmobile-e400i,https://static.priceoye.pk/images/placeholder-product-mobile.jpg
XMobile,XMobile X4 Lite,"Rs. 3,499",,,https://priceoye.pk/mobiles/xmobile/xmobile-x4-lite,https://static.priceoye.pk/images/placeholder-product-mobile.jpg
XMobile,XMobile Disco Plus,"Rs. 4,099",,,https://priceoye.pk/mobiles/xmobile/xmobile-disco-plus,https://static.priceoye.pk/images/placeholder-product-mobile.jpg
Club,Club Mobile A3000,"Rs. 3,799",,,https://priceoye.pk/mobiles/club-mobile/club-mobile-a3000,https://static.priceoye.pk/images/placeholder-product-mobile.jpg
Itel,Itel A26,"Rs. 22,399",,,https://priceoye.pk/mobiles/itel/itel-a26,https://static.priceoye.pk/images/placeholder-product-mobile.jpg
Xiaomi,Xiaomi Redmi Note 11,"Rs. 69,999",,,https://priceoye.pk/mobiles/xiaomi/xiaomi-redmi-note-11,https://static.priceoye.pk/images/placeholder-product-mobile.jpg
Vivo,Vivo Y21,"Rs. 53,199",,,https://priceoye.pk/mobiles/vivo/vivo-y21,https://static.priceoye.pk/images/placeholder-product-mobile.jpg
VGO,VGO TEL i10,"Rs. 4,299",,,https://priceoye.pk/mobiles/vgo-tel/vgo-tel-i10,https://static.priceoye.pk/images/placeholder-product-mobile.jpg
REMAXX,REMAXX R105,"Rs. 2,549",,,https://priceoye.pk/mobiles/remaxx/remaxx-r105,https://static.priceoye.pk/images/placeholder-product-mobile.jpg
Apple,Apple iPhone 14 Pro,"Rs. 505,999","
                Rs. 520,999            ","
                (3% OFF)            ",https://priceoye.pk/mobiles/apple/apple-iphone-14-pro,https://static.priceoye.pk/images/placeholder-product-mobile.jpg
VGO,VGO TEL S9,"Rs. 4,449",,,https://priceoye.pk/mobiles/vgo-tel/vgotel-s9,https://static.priceoye.pk/images/placeholder-product-mobile.jpg
XMobile,XMobile X2 Play,"Rs. 2,699",,,https://priceoye.pk/mobiles/xmobile/xmobile-x2-play,https://static.priceoye.pk/images/placeholder-product-mobile.jpg
me,me Mobile L788,"Rs. 2,849",,,https://priceoye.pk/mobiles/me-mobile/me-mobile-l788,https://static.priceoye.pk/images/placeholder-product-mobile.jpg
GFive,GFive Gold,"Rs. 2,999",,,https://priceoye.pk/mobiles/oneplus/gfive-gold,https://static.priceoye.pk/images/placeholder-product-mobile.jpg
VGO,VGO TEL S22,"Rs. 4,899",,,https://priceoye.pk/mobiles/vgo-tel/vgo-tel-s22,https://static.priceoye.pk/images/placeholder-product-mobile.jpg
E-Tachi,E-Tachi E5310,"Rs. 4,099",,,https://priceoye.pk/mobiles/e-tachi/e-tachi-e5310,https://static.priceoye.pk/images/placeholder-product-mobile.jpg
Itel,Itel A27,"Rs. 18,999","
                Rs. 20,999            ","
                (10% OFF)            ",https://priceoye.pk/mobiles/itel/itel-a27,https://static.priceoye.pk/images/placeholder-product-mobile.jpg
Oppo,Oppo F21 Pro 5G,"Rs. 105,199","
                Rs. 105,299            ","
                (0% OFF)            ",https://priceoye.pk/mobiles/oppo/oppo-f21-pro-5g,https://static.priceoye.pk/images/placeholder-product-mobile.jpg
me,me Mobile L108,"Rs. 2,699",,,https://priceoye.pk/mobiles/me-mobile/me-mobile-l108,https://static.priceoye.pk/images/placeholder-product-mobile.jpg
Itel,Itel Vision 3,"Rs. 24,399","
                Rs. 25,999            ","
                (6% OFF)            ",https://priceoye.pk/mobiles/itel/itel-vision-3,https://static.priceoye.pk/images/placeholder-product-mobile.jpg
VGO,VGO TEL S10,"Rs. 4,399",,,https://priceoye.pk/mobiles/vgo-tel/vgo-tel-s10,https://static.priceoye.pk/images/placeholder-product-mobile.jpg
XMobile,XMobile Music Ka Sultan Plus,"Rs. 3,599",,,https://priceoye.pk/mobiles/xmobile/xmobile-music-ka-sultan-plus,https://static.priceoye.pk/images/placeholder-product-mobile.jpg
Tecno,Tecno Spark Go 2023,"Rs. 32,999","
                Rs. 35,999            ","
                (8% OFF)            ",https://priceoye.pk/mobiles/tecno/tecno-spark-go-2023,https://static.priceoye.pk/images/placeholder-product-mobile.jpg
Vivo,Vivo V25e,"Rs. 99,299","
                Rs. 109,999            ","
                (10% OFF)            ",https://priceoye.pk/mobiles/vivo/vivo-v25e,https://static.priceoye.pk/images/placeholder-product-mobile.jpg
itel,itel A17,"Rs. 11,199","
                Rs. 16,999            ","
                (34% OFF)            ",https://priceoye.pk/mobiles/itel/itel-a17,https://static.priceoye.pk/images/placeholder-product-mobile.jpg
GFive,GFive Falak,"Rs. 3,899",,,https://priceoye.pk/mobiles/gfive/gfive-falak,https://static.priceoye.pk/images/placeholder-product-mobile.jpg
Apple,Apple iPhone 14 Pro Max,"Rs. 559,999","
                Rs. 564,999            ","
                (1% OFF)            ",https://priceoye.pk/mobiles/apple/apple-iphone-14-pro-max,https://static.priceoye.pk/images/placeholder-product-mobile.jpg
Jazz,Jazz Digit E2 Pro 4G,"Rs. 7,999","
                Rs. 8,500            ","
                (6% OFF)            ",https://priceoye.pk/mobiles/jazz-digit/jazz-digit-e2-pro-4g,https://static.priceoye.pk/images/placeholder-product-mobile.jpg
Vivo,Vivo Y35,"Rs. 80,199",,,https://priceoye.pk/mobiles/vivo/vivo-y35,https://static.priceoye.pk/images/placeholder-product-mobile.jpg
VNUS,VNUS Rock 1,"Rs. 20,299","
                Rs. 21,099            ","
                (4% OFF)            ",https://priceoye.pk/mobiles/venus/vnus-rock-1,https://static.priceoye.pk/images/placeholder-product-mobile.jpg
Qmobile,Qmobile Music Ka Sultan Pro,"Rs. 3,899",,,https://priceoye.pk/mobiles/qmobile/qmobile-music-ka-sultan-pro,https://static.priceoye.pk/images/placeholder-product-mobile.jpg
XMobile,XMobile X2 Selfie,"Rs. 2,699",,,https://priceoye.pk/mobiles/xmobile/xmobile-x2-selfie,https://static.priceoye.pk/images/placeholder-product-mobile.jpg
XMobile,XMobile F6 Plus,"Rs. 3,899",,,https://priceoye.pk/mobiles/xmobile/xmobile-f6-plus,https://static.priceoye.pk/images/placeholder-product-mobile.jpg
E-Tachi,E-Tachi Music E1000,"Rs. 4,199",,,https://priceoye.pk/mobiles/e-tachi/e-tachi-music-e1000,https://static.priceoye.pk/images/placeholder-product-mobile.jpg
XMobile,XMobile X1,"Rs. 2,699",,,https://priceoye.pk/mobiles/xmobile/xmobile-x1,https://static.priceoye.pk/images/placeholder-product-mobile.jpg
XMobile,XMobile X3,"Rs. 2,899",,,https://priceoye.pk/mobiles/xmobile/xmobile-x3,https://static.priceoye.pk/images/placeholder-product-mobile.jpg
VGO,VGO TEL i710,"Rs. 4,999",,,https://priceoye.pk/mobiles/vgo-tel/vgo-tel-i710,https://static.priceoye.pk/images/placeholder-product-mobile.jpg
GRESSO,GRESSO R106 Pro,"Rs. 2,549",,,https://priceoye.pk/mobiles/gresso/gresso-r106-pro,https://static.priceoye.pk/images/placeholder-product-mobile.jpg
GRESSO,GRESSO R106,"Rs. 2,649",,,https://priceoye.pk/mobiles/gresso/gresso-r106,https://static.priceoye.pk/images/placeholder-product-mobile.jpg
Club,Club Mobile A1000,"Rs. 3,799",,,https://priceoye.pk/mobiles/club-mobile/club-mobile-a1000,https://static.priceoye.pk/images/placeholder-product-mobile.jpg
Calme,Calme Music 300,"Rs. 3,899",,,https://priceoye.pk/mobiles/calme/calme-music-300,https://static.priceoye.pk/images/placeholder-product-mobile.jpg
Calme,Calme Music 600,"Rs. 3,949",,,https://priceoye.pk/mobiles/calme/calme-music-600,https://static.priceoye.pk/images/placeholder-product-mobile.jpg
E-Tachi,E-Tachi E-Prime,"Rs. 4,099",,,https://priceoye.pk/mobiles/e-tachi/e-tachi-e-prime,https://static.priceoye.pk/images/placeholder-product-mobile.jpg
VGO,VGO TEL i251,"Rs. 3,599","
                Rs. 3,849            ","
                (6% OFF)            ",https://priceoye.pk/mobiles/vgo-tel/vgo-tel-i251,https://static.priceoye.pk/images/placeholder-product-mobile.jpg
Itel,Itel A49,"Rs. 23,199","
                Rs. 24,999            ","
                (7% OFF)            ",https://priceoye.pk/mobiles/itel/itel-a49,https://static.priceoye.pk/images/placeholder-product-mobile.jpg
Tecno,Tecno POP 5 LTE,"Rs. 24,299","
                Rs. 24,999            ","
                (3% OFF)            ",https://priceoye.pk/mobiles/tecno/tecno-pop-5-lte,https://static.priceoye.pk/images/placeholder-product-mobile.jpg
GFive,GFive G3310,"Rs. 2,749",,,https://priceoye.pk/mobiles/gfive/gfive-g3310,https://static.priceoye.pk/images/placeholder-product-mobile.jpg
Digit,Digit Glory 1,"Rs. 15,499","
                Rs. 17,299            ","
                (10% OFF)            ",https://priceoye.pk/mobiles/digit/digit-glory-1,https://static.priceoye.pk/images/placeholder-product-mobile.jpg
Infinix,Infinix Smart 6 HD,"Rs. 27,499","
                Rs. 31,999            ","
                (14% OFF)            ",https://priceoye.pk/mobiles/infinix/infinix-smart-6-hd,https://static.priceoye.pk/images/placeholder-product-mobile.jpg
GRESSO,GRESSO Jugnu,"Rs. 2,649",,,https://priceoye.pk/mobiles/gresso/gresso-jugnu,https://static.priceoye.pk/images/placeholder-product-mobile.jpg
REMAXX,REMAXX R110,"Rs. 2,699",,,https://priceoye.pk/mobiles/remaxx/remaxx-r110,https://static.priceoye.pk/images/placeholder-product-mobile.jpg
XMobile,XMobile X4,"Rs. 3,749",,,https://priceoye.pk/mobiles/xmobile/xmobile-x4,https://static.priceoye.pk/images/placeholder-product-mobile.jpg
E-Tachi,E-Tachi E40i,"Rs. 3,999",,,https://priceoye.pk/mobiles/e-tachi/e-tachi-e40i,https://static.priceoye.pk/images/placeholder-product-mobile.jpg
E-Tachi,E-Tachi Mega Music Pro,"Rs. 4,149",,,https://priceoye.pk/mobiles/e-tachi/e-tachi-mega-music-pro,https://static.priceoye.pk/images/placeholder-product-mobile.jpg
E-Tachi,E-Tachi Mega Music,"Rs. 4,149",,,https://priceoye.pk/mobiles/e-tachi/e-tachi-mega-music,https://static.priceoye.pk/images/placeholder-product-mobile.jpg
QMobile,QMobile Music 400 Pro,"Rs. 3,899",,,https://priceoye.pk/mobiles/qmobile/qmobile-music-400-pro,https://static.priceoye.pk/images/placeholder-product-mobile.jpg
XMobile,XMobile Dabang Plus,"Rs. 3,499",,,https://priceoye.pk/mobiles/xmobile/xmobile-dabang-plus,https://static.priceoye.pk/images/placeholder-product-mobile.jpg
XMobile,XMobile Jeet,"Rs. 2,799",,,https://priceoye.pk/mobiles/xmobile/xmobile-jeet,https://static.priceoye.pk/images/placeholder-product-mobile.jpg
XMobile,XMobile X1000 Music,"Rs. 3,599",,,https://priceoye.pk/mobiles/xmobile/xmobile-x1000-music,https://static.priceoye.pk/images/placeholder-product-mobile.jpg
XMobile,XMobile X4i,"Rs. 3,499",,,https://priceoye.pk/mobiles/xmobile/xmobile-x4i,https://static.priceoye.pk/images/placeholder-product-mobile.jpg
QMobile,QMobile SL100 Big,"Rs. 4,199",,,https://priceoye.pk/mobiles/qmobile/qmobile-sl100-big,https://static.priceoye.pk/images/placeholder-product-mobile.jpg
Honor,Honor X5,"Rs. 30,099","
                Rs. 31,999            ","
                (6% OFF)            ",https://priceoye.pk/mobiles/honor/honor-x5,https://static.priceoye.pk/images/placeholder-product-mobile.jpg
VGO,VGO TEL iMusic Lite,"Rs. 3,899","
                Rs. 4,499            ","
                (13% OFF)            ",https://priceoye.pk/mobiles/vgo-tel/vgo-tel-imusic-lite,https://static.priceoye.pk/images/placeholder-product-mobile.jpg
Vivo,Vivo Y02s,"Rs. 40,199","
                Rs. 49,999            ","
                (20% OFF)            ",https://priceoye.pk/mobiles/vivo/vivo-y02s,https://static.priceoye.pk/images/placeholder-product-mobile.jpg
XMobile,XMobile SL100 Plus,"Rs. 3,799",,,https://priceoye.pk/mobiles/xmobile/xmobile-sl100-plus,https://static.priceoye.pk/images/placeholder-product-mobile.jpg
VGO,VGO TEL New 22,"Rs. 36,299",,,https://priceoye.pk/mobiles/vgo-tel/vgo-tel-new-22,https://static.priceoye.pk/images/placeholder-product-mobile.jpg
XMobile,XMobile Mega Gabbar,"Rs. 3,699",,,https://priceoye.pk/mobiles/xmobile/xmobile-mega-gabbar,https://static.priceoye.pk/images/placeholder-product-mobile.jpg
XMobile,XMobile Music King,"Rs. 3,699",,,https://priceoye.pk/mobiles/xmobile/xmobile-music-king,https://static.priceoye.pk/images/placeholder-product-mobile.jpg
me,me Mobile Magic Power,"Rs. 3,599",,,https://priceoye.pk/mobiles/me-mobile/me-mobile-magic-power,https://static.priceoye.pk/images/placeholder-product-mobile.jpg
Calme,Calme C885,"Rs. 3,999",,,https://priceoye.pk/mobiles/calme/calme-c885,https://static.priceoye.pk/images/placeholder-product-mobile.jpg
Honor,Honor X6,"Rs. 43,999","
                Rs. 46,999            ","
                (6% OFF)            ",https://priceoye.pk/mobiles/honor/honor-x6,https://static.priceoye.pk/images/placeholder-product-mobile.jpg
VGO,VGO TEL New 7,"Rs. 12,799","
                Rs. 13,299            ","
                (4% OFF)            ",https://priceoye.pk/mobiles/vgo-tel/vgo-tel-new-7,https://static.priceoye.pk/images/placeholder-product-mobile.jpg
Tecno,Tecno Spark 8 Pro,"Rs. 38,799","
                Rs. 43,999            ","
                (12% OFF)            ",https://priceoye.pk/mobiles/tecno/tecno-spark-8-pro,https://static.priceoye.pk/images/placeholder-product-mobile.jpg
Tecno,Tecno Spark 8C,"Rs. 35,699","
                Rs. 36,999            ","
                (4% OFF)            ",https://priceoye.pk/mobiles/tecno/tecno-spark-8c,https://static.priceoye.pk/images/placeholder-product-mobile.jpg
ZTE,ZTE Blade V30 Vita,"Rs. 30,999","
                Rs. 34,999            ","
                (11% OFF)            ",https://priceoye.pk/mobiles/zte/zte-blade-v30-vita,https://static.priceoye.pk/images/placeholder-product-mobile.jpg
Nokia,Nokia G21,"Rs. 43,199","
                Rs. 44,999            ","
                (4% OFF)            ",https://priceoye.pk/mobiles/nokia/nokia-g21,https://static.priceoye.pk/images/placeholder-product-mobile.jpg
Apple,Apple iPhone 14 Plus,"Rs. 455,999",,,https://priceoye.pk/mobiles/apple/apple-iphone-14-plus,https://static.priceoye.pk/images/placeholder-product-mobile.jpg
E-Tachi,E-Tachi B105,"Rs. 2,899",,,https://priceoye.pk/mobiles/e-tachi/e-tachi-b105,https://static.priceoye.pk/images/placeholder-product-mobile.jpg
E-Tachi,E-Tachi E200,"Rs. 4,099",,,https://priceoye.pk/mobiles/e-tachi/e-tachi-e200,https://static.priceoye.pk/images/placeholder-product-mobile.jpg
Dcode,Dcode Cygnal 2,"Rs. 31,999","
                Rs. 38,999            ","
                (18% OFF)            ",https://priceoye.pk/mobiles/dcode/dcode-cygnal-2,https://static.priceoye.pk/images/placeholder-product-mobile.jpg
me,me Mobile L109,"Rs. 2,749",,,https://priceoye.pk/mobiles/me-mobile/me-mobile-l109,https://static.priceoye.pk/images/placeholder-product-mobile.jpg
Nokia,Nokia 105 Plus,"Rs. 5,399","
                Rs. 5,800            ","
                (7% OFF)            ",https://priceoye.pk/mobiles/nokia/nokia-105-plus,https://static.priceoye.pk/images/placeholder-product-mobile.jpg
XMobile,XMobile Gabbar Plus,"Rs. 3,599",,,https://priceoye.pk/mobiles/xmobile/xmobile-gabbar-plus,https://static.priceoye.pk/images/placeholder-product-mobile.jpg
XMobile,XMobile SL100 Plus Lite,"Rs. 3,999",,,https://priceoye.pk/mobiles/xmobile/xmobile-sl100-plus-lite,https://static.priceoye.pk/images/placeholder-product-mobile.jpg
XMobile,XMobile X4 Plus,"Rs. 3,599",,,https://priceoye.pk/mobiles/xmobile/xmobile-x4-plus,https://static.priceoye.pk/images/placeholder-product-mobile.jpg
VNUS,VNUS Sky 1,"Rs. 22,499","
                Rs. 29,999            ","
                (25% OFF)            ",https://priceoye.pk/mobiles/venus/vnus-sky-1,https://static.priceoye.pk/images/placeholder-product-mobile.jpg
XMobile,XMobile Music Master,"Rs. 3,699",,,https://priceoye.pk/mobiles/xmobile/xmobile-music-master,https://static.priceoye.pk/images/placeholder-product-mobile.jpg
GRESSO,GRESSO Turbo 2,"Rs. 2,899",,,https://priceoye.pk/mobiles/gresso/gresso-turbo-2,https://static.priceoye.pk/images/placeholder-product-mobile.jpg
Spice,Spice S5,"Rs. 2,899",,,https://priceoye.pk/mobiles/spice/spice-s5,https://static.priceoye.pk/images/placeholder-product-mobile.jpg
me,me Mobile Magic Sound,"Rs. 2,599",,,https://priceoye.pk/mobiles/me-mobile/me-mobile-magic-sound,https://static.priceoye.pk/images/placeholder-product-mobile.jpg
VGO,VGO TEL NEW 20,"Rs. 25,999","
                Rs. 29,999            ","
                (13% OFF)            ",https://priceoye.pk/mobiles/vgo-tel/vgo-tel-new-20,https://static.priceoye.pk/images/placeholder-product-mobile.jpg
me,me Mobile Magic Star Pro,"Rs. 2,749",,,https://priceoye.pk/mobiles/me-mobile/me-mobile-magic-star-pro,https://static.priceoye.pk/images/placeholder-product-mobile.jpg
QMobile,QMobile Gabbar,"Rs. 3,699",,,https://priceoye.pk/mobiles/qmobile/qmobile-gabbar,https://static.priceoye.pk/images/placeholder-product-mobile.jpg
GRESSO,GRESSO E3100,"Rs. 2,499",,,https://priceoye.pk/mobiles/gresso/gresso-e3100,https://static.priceoye.pk/images/placeholder-product-mobile.jpg
GRESSO,GRESSO CR7,"Rs. 2,649",,,https://priceoye.pk/mobiles/gresso/gresso-cr7,https://static.priceoye.pk/images/placeholder-product-mobile.jpg
me,me Mobile Magic Max,"Rs. 2,699",,,https://priceoye.pk/mobiles/me-mobile/me-mobile-magic-max,https://static.priceoye.pk/images/placeholder-product-mobile.jpg
GFive,GFive G550 Power,"Rs. 3,599",,,https://priceoye.pk/mobiles/gfive/gfive-g550-power,https://static.priceoye.pk/images/placeholder-product-mobile.jpg
Apple,Apple iPhone 14,"Rs. 420,999",,,https://priceoye.pk/mobiles/apple/apple-iphone-14,https://static.priceoye.pk/images/placeholder-product-mobile.jpg
Oukitel,Oukitel C31 Pro,"Rs. 35,999","
                Rs. 38,500            ","
                (6% OFF)            ",https://priceoye.pk/mobiles/oukitel/oukitel-c31-pro,https://static.priceoye.pk/images/placeholder-product-mobile.jpg
Club,Club Mobile Muzik 4,"Rs. 3,499",,,https://priceoye.pk/mobiles/club-mobile/club-mobile-muzik-4,https://static.priceoye.pk/images/placeholder-product-mobile.jpg
Oppo,Oppo A54 (Activated),"Rs. 52,199","
                Rs. 59,999            ","
                (13% OFF)            ",https://priceoye.pk/mobiles/oppo/oppo-a54-activated,https://static.priceoye.pk/images/placeholder-product-mobile.jpg
XMobile,XMobile Gabbar Pro Plus,"Rs. 3,799",,,https://priceoye.pk/mobiles/xmobile/xmobile-gabbar-pro-plus,https://static.priceoye.pk/images/placeholder-product-mobile.jpg
XMobile,XMobile X1000 Party,"Rs. 3,599",,,https://priceoye.pk/mobiles/xmobile/xmobile-x1000-party,https://static.priceoye.pk/images/placeholder-product-mobile.jpg
VNUS,VNUS SE22,"Rs. 31,999","
                Rs. 33,999            ","
                (6% OFF)            ",https://priceoye.pk/mobiles/venus/vnus-se22,https://static.priceoye.pk/images/placeholder-product-mobile.jpg
Calme,Calme C251,"Rs. 3,699",,,https://priceoye.pk/mobiles/calme/calme-c251,https://static.priceoye.pk/images/placeholder-product-mobile.jpg
E-Tachi,E-Tachi E7i,"Rs. 4,199",,,https://priceoye.pk/mobiles/e-tachi/e-tachi-e7i,https://static.priceoye.pk/images/placeholder-product-mobile.jpg
itel,itel Vision 1 Pro,"Rs. 21,799","
                Rs. 28,000            ","
                (22% OFF)            ",https://priceoye.pk/mobiles/itel/itel-vision-1-pro,https://static.priceoye.pk/images/placeholder-product-mobile.jpg
VGO,VGO TEL i261,"Rs. 3,749","
                Rs. 3,999            ","
                (6% OFF)            ",https://priceoye.pk/mobiles/vgo-tel/vgo-tel-i261,https://static.priceoye.pk/images/placeholder-product-mobile.jpg
Dcode,Dcode Bold 2,"Rs. 34,099","
                Rs. 39,999            ","
                (15% OFF)            ",https://priceoye.pk/mobiles/dcode/dcode-bold-2,https://static.priceoye.pk/images/placeholder-product-mobile.jpg
XMobile,XMobile X7,"Rs. 3,999",,,https://priceoye.pk/mobiles/xmobile/xmobile-x7,https://static.priceoye.pk/images/placeholder-product-mobile.jpg
E-Tachi,E-Tachi E4i,"Rs. 4,199",,,https://priceoye.pk/mobiles/e-tachi/e-tachi-e4i,https://static.priceoye.pk/images/placeholder-product-mobile.jpg
Samsung,Samsung Galaxy S23 Ultra,"Rs. 560,000",,,https://priceoye.pk/mobiles/samsung/samsung-galaxy-s23-ultra,https://static.priceoye.pk/images/placeholder-product-mobile.jpg
me,me Mobile I251,"Rs. 3,499",,,https://priceoye.pk/mobiles/me-mobile/me-mobile-i251,https://static.priceoye.pk/images/placeholder-product-mobile.jpg
Dcode,Dcode Cygnal 2 Pro,"Rs. 29,999","
                Rs. 34,999            ","
                (14% OFF)            ",https://priceoye.pk/mobiles/dcode/dcode-cygnal-2-pro,https://static.priceoye.pk/images/placeholder-product-mobile.jpg
Samsung,Samsung Galaxy S23,"Rs. 400,000",,,https://priceoye.pk/mobiles/samsung/samsung-galaxy-s23,https://static.priceoye.pk/images/placeholder-product-mobile.jpg
QMobile,QMobile E400 Pro,"Rs. 3,799","
                Rs. 3,999            ","
                (5% OFF)            ",https://priceoye.pk/mobiles/qmobile/qmobile-e400-pro,https://static.priceoye.pk/images/placeholder-product-mobile.jpg
Dcode,Dcode Cygnal 2 Lite,"Rs. 24,999","
                Rs. 27,499            ","
                (9% OFF)            ",https://priceoye.pk/mobiles/dcode/dcode-cygnal-2-lite,https://static.priceoye.pk/images/placeholder-product-mobile.jpg
E-Tachi,E-Tachi E200 Lite,"Rs. 3,999",,,https://priceoye.pk/mobiles/e-tachi/e-tachi-e200-lite,https://static.priceoye.pk/images/placeholder-product-mobile.jpg
Sparx,Sparx S6,"Rs. 17,349","
                Rs. 18,499            ","
                (6% OFF)            ",https://priceoye.pk/mobiles/sparx/sparx-s6,https://static.priceoye.pk/images/placeholder-product-mobile.jpg
Sparx,Sparx Neo 5,"Rs. 22,299","
                Rs. 23,999            ","
                (7% OFF)            ",https://priceoye.pk/mobiles/sparx/sparx-neo-5,https://static.priceoye.pk/images/placeholder-product-mobile.jpg
Sparx,Sparx Neo 6,"Rs. 24,699","
                Rs. 26,499            ","
                (7% OFF)            ",https://priceoye.pk/mobiles/sparx/sparx-neo-6,https://static.priceoye.pk/images/placeholder-product-mobile.jpg
Sparx,Sparx S3,"Rs. 16,199","
                Rs. 16,999            ","
                (5% OFF)            ",https://priceoye.pk/mobiles/sparx/sparx-s3,https://static.priceoye.pk/images/placeholder-product-mobile.jpg
Realme,Realme C11 2021,"Rs. 33,199","
                Rs. 33,299            ","
                (0% OFF)            ",https://priceoye.pk/mobiles/realme/realme-c11-2021,https://static.priceoye.pk/images/placeholder-product-mobile.jpg
Oppo,Oppo A16e (Activated),"Rs. 40,199","
                Rs. 44,999            ","
                (11% OFF)            ",https://priceoye.pk/mobiles/oppo/oppo-a16e-activated,https://static.priceoye.pk/images/placeholder-product-mobile.jpg
GRESSO,GRESSO G110,"Rs. 2,849",,,https://priceoye.pk/mobiles/gresso/gresso-g110,https://static.priceoye.pk/images/placeholder-product-mobile.jpg
Infinix,Infinix Smart 7,"Rs. 30,799","
                Rs. 39,999            ","
                (23% OFF)            ",https://priceoye.pk/mobiles/infinix/infinix-smart-7,https://static.priceoye.pk/images/placeholder-product-mobile.jpg
Vivo,Vivo Y73,"Rs. 85,699","
                Rs. 89,999            ","
                (5% OFF)            ",https://priceoye.pk/mobiles/vivo/vivo-y73,https://static.priceoye.pk/images/placeholder-product-mobile.jpg
Nokia,Nokia 106 (2018),"Rs. 5,299","
                Rs. 5,300            ","
                (0% OFF)            ",https://priceoye.pk/mobiles/nokia/nokia-106-2018,https://static.priceoye.pk/images/placeholder-product-mobile.jpg
Vivo,Vivo Y21T,"Rs. 70,299",,,https://priceoye.pk/mobiles/vivo/vivo-y21t,https://static.priceoye.pk/images/placeholder-product-mobile.jpg
Realme,Realme C33,"Rs. 45,099","
                Rs. 48,999            ","
                (8% OFF)            ",https://priceoye.pk/mobiles/realme/realme-c33,https://static.priceoye.pk/images/placeholder-product-mobile.jpg
Xiaomi,Xiaomi Redmi Note 12,"Rs. 79,999",,,https://priceoye.pk/mobiles/xiaomi/xiaomi-redmi-note-12,https://static.priceoye.pk/images/placeholder-product-mobile.jpg
Infinix,Infinix Note 12 VIP,"Rs. 89,999",,,https://priceoye.pk/mobiles/infinix/infinix-note-12-vip,https://static.priceoye.pk/images/placeholder-product-mobile.jpg
Vivo,Vivo Y33s,"Rs. 51,999",,,https://priceoye.pk/mobiles/vivo/vivo-y33s,https://static.priceoye.pk/images/placeholder-product-mobile.jpg
Tecno,Tecno Camon 18P,"Rs. 45,499",,,https://priceoye.pk/mobiles/tecno/tecno-camon-18p,https://static.priceoye.pk/images/placeholder-product-mobile.jpg
VGO,VGO TEL iMusic,"Rs. 4,349",,,https://priceoye.pk/mobiles/vgo-tel/vgo-tel-imusic,https://static.priceoye.pk/images/placeholder-product-mobile.jpg
Jazz,Jazz Digit Crown 4G,"Rs. 6,299",,,https://priceoye.pk/mobiles/digit/jazz-digit-crown-4g,https://static.priceoye.pk/images/placeholder-product-mobile.jpg
Samsung,Samsung Galaxy S22,"Rs. 232,999",,,https://priceoye.pk/mobiles/samsung/samsung-galaxy-s22,https://static.priceoye.pk/images/placeholder-product-mobile.jpg
QMobile,QMobile SL50i,"Rs. 3,999",,,https://priceoye.pk/mobiles/qmobile/qmobile-sl50i,https://static.priceoye.pk/images/placeholder-product-mobile.jpg
VGO,VGO TEL i12,"Rs. 4,699",,,https://priceoye.pk/mobiles/vgo-tel/vgo-tel-i12,https://static.priceoye.pk/images/placeholder-product-mobile.jpg
Tecno,Tecno Camon 19 Pro,"Rs. 49,999",,,https://priceoye.pk/mobiles/tecno/tecno-camon-19-pro,https://static.priceoye.pk/images/placeholder-product-mobile.jpg
E-Tachi,E-Tachi B12,"Rs. 2,749",,,https://priceoye.pk/mobiles/e-tachi/e-tachi-b12,https://static.priceoye.pk/images/placeholder-product-mobile.jpg
VGO,VGO TEL Four 22,"Rs. 4,099",,,https://priceoye.pk/mobiles/vgo-tel/vgo-tel-four-22,https://static.priceoye.pk/images/placeholder-product-mobile.jpg
ZTE,ZTE Redmagic 6s Pro Ghost Edition,"Rs. 162,499",,,https://priceoye.pk/mobiles/zte/zte-redmagic-6s-pro-ghost-edition,https://static.priceoye.pk/images/placeholder-product-mobile.jpg
Oukitel,Oukitel C18 Pro,"Rs. 36,999",,,https://priceoye.pk/mobiles/oukitel/oukitel-c18-pro,https://static.priceoye.pk/images/placeholder-product-mobile.jpg
Nokia,Nokia 105 2022,"Rs. 4,799",,,https://priceoye.pk/mobiles/nokia/nokia-105-2022,https://static.priceoye.pk/images/placeholder-product-mobile.jpg
Xiaomi,Xiaomi Redmi Note 11 Pro,"Rs. 45,999",,,https://priceoye.pk/mobiles/xiaomi/xiaomi-redmi-note-11-pro,https://static.priceoye.pk/images/placeholder-product-mobile.jpg
Vivo,Vivo X80,"Rs. 185,499",,,https://priceoye.pk/mobiles/vivo/vivo-x80,https://static.priceoye.pk/images/placeholder-product-mobile.jpg
GFive,GFive Big Fighter,"Rs. 2,749",,,https://priceoye.pk/mobiles/gfive/gfive-big-fighter,https://static.priceoye.pk/images/placeholder-product-mobile.jpg
GFive,GFive Fighter,"Rs. 2,749",,,https://priceoye.pk/mobiles/gfive/gfive-fighter,https://static.priceoye.pk/images/placeholder-product-mobile.jpg
E-Tachi,E-Tachi B555,"Rs. 2,649",,,https://priceoye.pk/mobiles/e-tachi/e-tachi-b555,https://static.priceoye.pk/images/placeholder-product-mobile.jpg
XMobile,XMobile X1 Lite,"Rs. 2,399",,,https://priceoye.pk/mobiles/xmobile/xmobile-x1-lite,https://static.priceoye.pk/images/placeholder-product-mobile.jpg
E-Tachi,E-Tachi iPro,"Rs. 4,199",,,https://priceoye.pk/mobiles/e-tachi/e-tachi-ipro,https://static.priceoye.pk/images/placeholder-product-mobile.jpg
Apple,Apple iPhone 11,"Rs. 144,900",,,https://priceoye.pk/mobiles/apple/apple-iphone-xi,https://static.priceoye.pk/images/placeholder-product-mobile.jpg
ZTE,ZTE Redmagic 6s Pro Cyborg Edition,"Rs. 150,299",,,https://priceoye.pk/mobiles/zte/zte-redmagic-6s-pro-cyborg-edition,https://static.priceoye.pk/images/placeholder-product-mobile.jpg
me,me Mobile M-1110,"Rs. 2,200",,,https://priceoye.pk/mobiles/me-mobile/me-mobile-m-1110,https://static.priceoye.pk/images/placeholder-product-mobile.jpg
VGO,VGO TEL Four 44,"Rs. 4,299",,,https://priceoye.pk/mobiles/vgo-tel/vgo-tel-four-44,https://static.priceoye.pk/images/placeholder-product-mobile.jpg
Samsung,Samsung Galaxy A52s 5G,"Rs. 84,999",,,https://priceoye.pk/mobiles/samsung/samsung-galaxy-a52s-5g,https://static.priceoye.pk/images/placeholder-product-mobile.jpg
Xiaomi,Xiaomi Redmi Note 11,"Rs. 54,999",,,https://priceoye.pk/mobiles/xiaomi/xiaomi-redmi-note-11,https://static.priceoye.pk/images/placeholder-product-mobile.jpg
Dcode,Dcode Cypher,"Rs. 36,999",,,https://priceoye.pk/mobiles/dcode/dcode-cypher,https://static.priceoye.pk/images/placeholder-product-mobile.jpg
Vivo,Vivo Y55,"Rs. 77,299",,,https://priceoye.pk/mobiles/vivo/vivo-y55,https://static.priceoye.pk/images/placeholder-product-mobile.jpg
QMobile,QMobile SL100,"Rs. 3,899",,,https://priceoye.pk/mobiles/qmobile/qmobile-sl100,https://static.priceoye.pk/images/placeholder-product-mobile.jpg
GFive,GFive Rose,"Rs. 3,499",,,https://priceoye.pk/mobiles/gfive/gfive-rose,https://static.priceoye.pk/images/placeholder-product-mobile.jpg
Nokia,Nokia 105,"Rs. 5,249",,,https://priceoye.pk/mobiles/nokia/nokia-105,https://static.priceoye.pk/images/placeholder-product-mobile.jpg
QMobile,QMobile Music Ka Sultan,"Rs. 3,799",,,https://priceoye.pk/mobiles/qmobile/qmobile-music-ka-sultan,https://static.priceoye.pk/images/placeholder-product-mobile.jpg
Nokia,Nokia 110 (2019),"Rs. 3,999",,,https://priceoye.pk/mobiles/nokia/nokia-110-2019,https://static.priceoye.pk/images/placeholder-product-mobile.jpg
Samsung,Samsung Galaxy A22,"Rs. 59,999",,,https://priceoye.pk/mobiles/samsung/samsung-galaxy-a22,https://static.priceoye.pk/images/placeholder-product-mobile.jpg
Xiaomi,Xiaomi Redmi 9C,"Rs. 29,999",,,https://priceoye.pk/mobiles/xiaomi/xiaomi-redmi-9c,https://static.priceoye.pk/images/placeholder-product-mobile.jpg
VGO,VGO TEL Smart HI-FI,"Rs. 5,599",,,https://priceoye.pk/mobiles/vgo-tel/vgo-tel-smart-hi-fi,https://static.priceoye.pk/images/placeholder-product-mobile.jpg
Dcode,Dcode Cygnal,"Rs. 21,499",,,https://priceoye.pk/mobiles/dcode/dcode-cygnal,https://static.priceoye.pk/images/placeholder-product-mobile.jpg
Tecno,Tecno Camon 19 Pro Mondrian,"Rs. 64,999",,,https://priceoye.pk/mobiles/tecno/tecno-camon-19-pro-mondrian,https://static.priceoye.pk/images/placeholder-product-mobile.jpg
Nokia,Nokia C21,"Rs. 19,999",,,https://priceoye.pk/mobiles/nokia/nokia-c21,https://static.priceoye.pk/images/placeholder-product-mobile.jpg
Club,Club Mobile Ali Baba,"Rs. 2,699",,,https://priceoye.pk/mobiles/club-mobile/club-mobile-ali-baba,https://static.priceoye.pk/images/placeholder-product-mobile.jpg
Jazz,Jazz Digit Shine 4G,"Rs. 7,599",,,https://priceoye.pk/mobiles/digit/jazz-digit-shine-4g,https://static.priceoye.pk/images/placeholder-product-mobile.jpg
Samsung,Samsung Galaxy A12,"Rs. 44,999",,,https://priceoye.pk/mobiles/samsung/samsung-galaxy-a12,https://static.priceoye.pk/images/placeholder-product-mobile.jpg
Samsung,Samsung Galaxy A03,"Rs. 34,999",,,https://priceoye.pk/mobiles/samsung/samsung-galaxy-a03,https://static.priceoye.pk/images/placeholder-product-mobile.jpg
VGO,VGO TEL i101,"Rs. 2,449",,,https://priceoye.pk/mobiles/vgo-tel/vgo-tel-i101,https://static.priceoye.pk/images/placeholder-product-mobile.jpg
VGO,VGO TEL i888,"Rs. 3,400",,,https://priceoye.pk/mobiles/vgo-tel/vgo-tel-i888,https://static.priceoye.pk/images/placeholder-product-mobile.jpg
VGO,VGO TEL i252,"Rs. 3,999",,,https://priceoye.pk/mobiles/vgo-tel/vgo-tel-i252,https://static.priceoye.pk/images/placeholder-product-mobile.jpg
me,me Mobile M-1110 Lite,"Rs. 2,325",,,https://priceoye.pk/mobiles/me-mobile/me-mobile-m1110-lite,https://static.priceoye.pk/images/placeholder-product-mobile.jpg
E-Tachi,E-Tachi 4 Star,"Rs. 4,199",,,https://priceoye.pk/mobiles/e-tachi/e-tachi-4-star,https://static.priceoye.pk/images/placeholder-product-mobile.jpg
GFive,GFive Boss,"Rs. 3,499",,,https://priceoye.pk/mobiles/gfive/gfive-boss,https://static.priceoye.pk/images/placeholder-product-mobile.jpg
Gionee,Gionee Q23,"Rs. 3,299",,,https://priceoye.pk/mobiles/gionee/gionee-q23,https://static.priceoye.pk/images/placeholder-product-mobile.jpg
Club,Club Mobile Ali Baba 1,"Rs. 2,699",,,https://priceoye.pk/mobiles/club-mobile/club-mobile-ali-baba-1,https://static.priceoye.pk/images/placeholder-product-mobile.jpg
itel,itel Power 410,"Rs. 3,199",,,https://priceoye.pk/mobiles/itel/itel-power-410,https://static.priceoye.pk/images/placeholder-product-mobile.jpg
Nokia,Nokia 110 4G,"Rs. 5,999",,,https://priceoye.pk/mobiles/nokia/nokia-110-4g,https://static.priceoye.pk/images/placeholder-product-mobile.jpg
Apple,Apple iPhone 13,"Rs. 341,999",,,https://priceoye.pk/mobiles/apple/apple-iphone-13,https://static.priceoye.pk/images/placeholder-product-mobile.jpg
Dcode,Dcode X,"Rs. 44,999",,,https://priceoye.pk/mobiles/dcode/dcode-x,https://static.priceoye.pk/images/placeholder-product-mobile.jpg
Xiaomi,Xiaomi 12,"Rs. 159,999",,,https://priceoye.pk/mobiles/xiaomi/xiaomi-12,https://static.priceoye.pk/images/placeholder-product-mobile.jpg
Itel,Itel Magic 3,"Rs. 5,200",,,https://priceoye.pk/mobiles/itel/itel-magic-3,https://static.priceoye.pk/images/placeholder-product-mobile.jpg
E-Tachi,E-Tachi B13,"Rs. 2,799",,,https://priceoye.pk/mobiles/e-tachi/e-tachi-b13,https://static.priceoye.pk/images/placeholder-product-mobile.jpg
Oppo,Oppo F21 Pro 5G (Activated),"Rs. 98,800",,,https://priceoye.pk/mobiles/oppo/oppo-f21-pro-5g-activated,https://static.priceoye.pk/images/placeholder-product-mobile.jpg
Huawei,Huawei Y8p,"Rs. 31,299",,,https://priceoye.pk/mobiles/huawei/huawei-y8p,https://static.priceoye.pk/images/placeholder-product-mobile.jpg
Huawei,Huawei Y7A,"Rs. 32,999",,,https://priceoye.pk/mobiles/huawei/huawei-y7a,https://static.priceoye.pk/images/placeholder-product-mobile.jpg
me,me Mobile L110,"Rs. 1,475",,,https://priceoye.pk/mobiles/me-mobile/me-mobile-l110,https://static.priceoye.pk/images/placeholder-product-mobile.jpg
me,me Mobile Power Star,"Rs. 1,575",,,https://priceoye.pk/mobiles/me-mobile/me-mobile-power-star,https://static.priceoye.pk/images/placeholder-product-mobile.jpg
me,me Mobile DJ Master,"Rs. 2,099",,,https://priceoye.pk/mobiles/me-mobile/me-mobile-dj-master,https://static.priceoye.pk/images/placeholder-product-mobile.jpg
Tecno,Tecno Pop 5,"Rs. 17,299",,,https://priceoye.pk/mobiles/tecno/tecno-pop-5,https://static.priceoye.pk/images/placeholder-product-mobile.jpg
VGO,VGO TEL i14,"Rs. 3,650",,,https://priceoye.pk/mobiles/vgo-tel/vgo-tel-i14,https://static.priceoye.pk/images/placeholder-product-mobile.jpg
REMAXX,REMAXX Star,"Rs. 2,500",,,https://priceoye.pk/mobiles/remaxx/remaxx-star,https://static.priceoye.pk/images/placeholder-product-mobile.jpg
Vivo,Vivo V25e (Activated),"Rs. 92,500",,,https://priceoye.pk/mobiles/vivo/vivo-v25e-activated,https://static.priceoye.pk/images/placeholder-product-mobile.jpg
Huawei,Huawei Y6P,"Rs. 20,299",,,https://priceoye.pk/mobiles/huawei/huawei-y6p,https://static.priceoye.pk/images/placeholder-product-mobile.jpg
itel,itel Muzik 400 Core,"Rs. 3,650",,,https://priceoye.pk/mobiles/itel/itel-muzik-400-core,https://static.priceoye.pk/images/placeholder-product-mobile.jpg
ZTE,ZTE Blade A51,"Rs. 20,999",,,https://priceoye.pk/mobiles/zte/zte-blade-a51,https://static.priceoye.pk/images/placeholder-product-mobile.jpg
me,me Mobile Power Bold,"Rs. 1,699",,,https://priceoye.pk/mobiles/me-mobile/me-mobile-power-bold,https://static.priceoye.pk/images/placeholder-product-mobile.jpg
me,me Mobile L786,"Rs. 1,350",,,https://priceoye.pk/mobiles/me-mobile/me-mobile-l786,https://static.priceoye.pk/images/placeholder-product-mobile.jpg
REMAXX,REMAXX R1280,"Rs. 2,100",,,https://priceoye.pk/mobiles/remaxx/remaxx-r1280,https://static.priceoye.pk/images/placeholder-product-mobile.jpg
REMAXX,REMAXX Hero,"Rs. 2,300",,,https://priceoye.pk/mobiles/remaxx/remaxx-hero,https://static.priceoye.pk/images/placeholder-product-mobile.jpg
Oppo,Oppo A57 (Activated),"Rs. 45,900",,,https://priceoye.pk/mobiles/oppo/oppo-a57-activated,https://static.priceoye.pk/images/placeholder-product-mobile.jpg
Vivo,Vivo Y02s (Activated),"Rs. 41,000",,,https://priceoye.pk/mobiles/vivo/vivo-y02s-activated,https://static.priceoye.pk/images/placeholder-product-mobile.jpg
Vivo,Vivo Y21T (Activated),"Rs. 53,299",,,https://priceoye.pk/mobiles/vivo/vivo-y21t-activated,https://static.priceoye.pk/images/placeholder-product-mobile.jpg
me,me Mobile Power Max,"Rs. 1,675",,,https://priceoye.pk/mobiles/me-mobile/me-mobile-power-max,https://static.priceoye.pk/images/placeholder-product-mobile.jpg
Vivo,Vivo Y33T,"Rs. 51,999",,,https://priceoye.pk/mobiles/vivo/vivo-y33t,https://static.priceoye.pk/images/placeholder-product-mobile.jpg
VGO,VGO TEL I550,"Rs. 2,450",,,https://priceoye.pk/mobiles/vgo-tel/vgo-tel,https://static.priceoye.pk/images/placeholder-product-mobile.jpg
OnePlus,OnePlus Nord CE 2 5G (Global Version),"Rs. 109,999",,,https://priceoye.pk/mobiles/oneplus/oneplus-nord-ce-2-5g-global-version,https://static.priceoye.pk/images/placeholder-product-mobile.jpg
Vivo,Vivo Y35 (Activated),"Rs. 79,499",,,https://priceoye.pk/mobiles/vivo/vivo-y35-activated,https://static.priceoye.pk/images/placeholder-product-mobile.jpg
Vivo,Vivo Y22 (Activated),"Rs. 49,599",,,https://priceoye.pk/mobiles/vivo/vivo-y22-activated,https://static.priceoye.pk/images/placeholder-product-mobile.jpg
Huawei,Huawei Honor 9X Lite,"Rs. 29,999",,,https://priceoye.pk/mobiles/huawei/huawei-honor-9x-lite,https://static.priceoye.pk/images/placeholder-product-mobile.jpg
Dcode,Dcode Bold,"Rs. 29,999",,,https://priceoye.pk/mobiles/dcode/dcode-bold,https://static.priceoye.pk/images/placeholder-product-mobile.jpg
VGO,VGO TEL i20,"Rs. 4,499",,,https://priceoye.pk/mobiles/vgo-tel/vgo-tel-i20,https://static.priceoye.pk/images/placeholder-product-mobile.jpg
REMAXX,REMAXX Eco,"Rs. 2,599",,,https://priceoye.pk/mobiles/remaxx/remaxx-eco,https://static.priceoye.pk/images/placeholder-product-mobile.jpg
Oppo,Oppo A96 (Activated),"Rs. 69,999",,,https://priceoye.pk/mobiles/oppo/oppo-a96-activated,https://static.priceoye.pk/images/placeholder-product-mobile.jpg
Vivo,Vivo Y16 (Activated),"Rs. 54,099",,,https://priceoye.pk/mobiles/vivo/vivo-y16-activated,https://static.priceoye.pk/images/placeholder-product-mobile.jpg
me,me mobile L101,"Rs. 1,425",,,https://priceoye.pk/mobiles/me-mobile/me-mobile-l101,https://static.priceoye.pk/images/placeholder-product-mobile.jpg
me,me Mobile L100,"Rs. 1,350",,,https://priceoye.pk/mobiles/me-mobile/me-mobile-l100,https://static.priceoye.pk/images/placeholder-product-mobile.jpg
me,me Mobile Power Music,"Rs. 1,699",,,https://priceoye.pk/mobiles/me-mobile/me-mobile-power-music,https://static.priceoye.pk/images/placeholder-product-mobile.jpg
me,me Mobile L106 Pro,"Rs. 1,899",,,https://priceoye.pk/mobiles/me-mobile/me-mobile-l106-pro,https://static.priceoye.pk/images/placeholder-product-mobile.jpg
me,me Mobile Power 4,"Rs. 3,250",,,https://priceoye.pk/mobiles/me-mobile/me-mobile-power-4,https://static.priceoye.pk/images/placeholder-product-mobile.jpg
me,me Mobile M6310,"Rs. 2,230",,,https://priceoye.pk/mobiles/me-mobile/me-mobile-m6310,https://static.priceoye.pk/images/placeholder-product-mobile.jpg
Huawei,Huawei Honor 9x Pro,"Rs. 55,999",,,https://priceoye.pk/mobiles/huawei/huawei-honor-9x-pro,https://static.priceoye.pk/images/placeholder-product-mobile.jpg
Huawei,Huawei P40,"Rs. 163,999",,,https://priceoye.pk/mobiles/huawei/huawei-p40,https://static.priceoye.pk/images/placeholder-product-mobile.jpg
Huawei,Huawei Enjoy 20 Plus 5G,"Rs. 44,800",,,https://priceoye.pk/mobiles/huawei/huawei-enjoy-20-plus-5g,https://static.priceoye.pk/images/placeholder-product-mobile.jpg
VGO,VGO TEL I700,"Rs. 2,850",,,https://priceoye.pk/mobiles/vgo-tel/vgo-tel-i700,https://static.priceoye.pk/images/placeholder-product-mobile.jpg
VGO,VGO TEL S500,"Rs. 2,450",,,https://priceoye.pk/mobiles/vgo-tel/vgo-tel-s500,https://static.priceoye.pk/images/placeholder-product-mobile.jpg
VGO,VGO TEL V3310,"Rs. 2,499",,,https://priceoye.pk/mobiles/vgo-tel/vgo-tel-v3310,https://static.priceoye.pk/images/placeholder-product-mobile.jpg
E-Tachi,E-Tachi Star Light,"Rs. 3,175",,,https://priceoye.pk/mobiles/e-tachi/e-tachi-star-light,https://static.priceoye.pk/images/placeholder-product-mobile.jpg
Club,Club Mobile Magic 3,"Rs. 4,599",,,https://priceoye.pk/mobiles/club-mobile/club-mobile-magic-3,https://static.priceoye.pk/images/placeholder-product-mobile.jpg
X,X Mobile G3 Plus,"Rs. 3,300",,,https://priceoye.pk/mobiles/xmobile/x-mobile-g3-plus,https://static.priceoye.pk/images/placeholder-product-mobile.jpg
me,me Mobile L102,"Rs. 1,385",,,https://priceoye.pk/mobiles/me-mobile/me-mobile-l102,https://static.priceoye.pk/images/placeholder-product-mobile.jpg
Huawei,Huawei nova 5i Pro,"Rs. 69,999",,,https://priceoye.pk/mobiles/huawei/huawei-nova-5i-pro,https://static.priceoye.pk/images/placeholder-product-mobile.jpg
VGO,VGO TEL I800,"Rs. 2,950",,,https://priceoye.pk/mobiles/vgo-tel/vgo-tel-i800,https://static.priceoye.pk/images/placeholder-product-mobile.jpg
Spice,Spice Muzik 400 Core,"Rs. 2,550",,,https://priceoye.pk/mobiles/spice/spice-muzik-400-core,https://static.priceoye.pk/images/placeholder-product-mobile.jpg
VGO,VGO TEL I255,"Rs. 2,200",,,https://priceoye.pk/mobiles/vgo-tel/vgo-tel-i255,https://static.priceoye.pk/images/placeholder-product-mobile.jpg
VGO,VGO TEL i11,"Rs. 2,900",,,https://priceoye.pk/mobiles/vgo-tel/vgo-tel-i11,https://static.priceoye.pk/images/placeholder-product-mobile.jpg
REMAX,REMAX Thunder Pro,"Rs. 2,710",,,https://priceoye.pk/mobiles/remaxx/remax-thunder-pro,https://static.priceoye.pk/images/placeholder-product-mobile.jpg
Faywa,Faywa Magic 2,"Rs. 2,175",,,https://priceoye.pk/mobiles/faywa/faywa-magic-2,https://static.priceoye.pk/images/placeholder-product-mobile.jpg
Calme,Calme Classic,"Rs. 2,600",,,https://priceoye.pk/mobiles/calme/calme-classic,https://static.priceoye.pk/images/placeholder-product-mobile.jpg
Huawei,Huawei Nova 5z,"Rs. 38,999",,,https://priceoye.pk/mobiles/huawei/huawei-nova-5z,https://static.priceoye.pk/images/placeholder-product-mobile.jpg
Huawei,Huawei P40 Pro,"Rs. 179,999",,,https://priceoye.pk/mobiles/huawei/huawei-p40-pro,https://static.priceoye.pk/images/placeholder-product-mobile.jpg
